vehicle_number,total_violations,unique_clusters,unique_hotspots,first_seen,last_seen,dominant_vehicle_type,chronic_offender_flag,offender_pressure_raw,offender_pressure_score,offender_priority_band,recommended_action
FKN00GL17388,18,4,3,2023-11-15 05:05:46+05:30,2024-01-20 07:46:46+05:30,SCOOTER,1,6.624987702204353,99.99999997930989,Critical,Special watch + field verification
FKN00GL149326,9,5,3,2023-11-27 09:04:46+05:30,2024-03-11 04:16:46+05:30,MAXI-CAB,1,5.756462731621645,82.03012707992538,Critical,Special watch + field verification
FKN00GL104980,15,4,2,2023-11-14 12:34:46+05:30,2024-01-06 04:13:46+05:30,SCOOTER,1,5.198603853650848,70.48796827912224,High,Targeted surveillance + repeat checks
FKN00GL6355,12,7,1,2023-11-17 08:19:46+05:30,2024-03-15 06:20:46+05:30,MOTOR CYCLE,1,5.129898714495582,69.06645173098393,High,Targeted surveillance + repeat checks
FKN00GL9990,14,4,2,2023-11-14 06:26:46+05:30,2024-01-30 04:10:46+05:30,SCOOTER,1,5.077594126530676,67.98426431021993,High,Targeted surveillance + repeat checks
FKN00GL120338,10,5,2,2023-11-11 10:01:46+05:30,2024-01-16 10:27:46+05:30,MOTOR CYCLE,1,4.995615151080449,66.28811069442466,High,Targeted surveillance + repeat checks
FKN00GL9334,11,7,1,2023-11-21 05:54:46+05:30,2024-02-01 08:07:46+05:30,SCOOTER,1,4.969813299161849,65.75426766716556,High,Targeted surveillance + repeat checks
FKN00GL2996,13,4,2,2023-11-22 03:55:46+05:30,2024-01-30 04:01:46+05:30,SCOOTER,1,4.948232492506296,65.30775850991441,High,Targeted surveillance + repeat checks
FKN00GL3007,6,5,3,2023-11-25 03:08:46+05:30,2024-01-30 04:11:46+05:30,SCOOTER,1,4.864775371908566,63.58102191570498,High,Targeted surveillance + repeat checks
FKN00GL2819,16,5,1,2023-12-08 04:34:46+05:30,2024-02-01 08:06:46+05:30,SCOOTER,1,4.722022239778892,60.62744461252368,High,Targeted surveillance + repeat checks
FKN00GL1199,12,6,1,2023-11-14 12:33:46+05:30,2024-03-15 06:19:46+05:30,MOTOR CYCLE,1,4.702407154989908,60.22160644723501,High,Targeted surveillance + repeat checks
FKN00GL0147,7,4,3,2023-11-15 07:54:46+05:30,2024-03-16 10:32:46+05:30,GOODS AUTO,1,4.678743468129805,59.73200227969843,Moderate,Monitor vehicle pattern
FKN00GL9606,7,4,3,2023-11-22 03:43:46+05:30,2024-01-20 02:43:46+05:30,CAR,1,4.678743468129805,59.73200227969843,Moderate,Monitor vehicle pattern
FKN00GL9771,23,2,2,2023-11-10 05:21:46+05:30,2024-03-16 01:28:46+05:30,CAR,1,4.634661835582006,58.81994867052025,Moderate,Monitor vehicle pattern
FKN00GL6945,9,3,3,2023-11-14 06:28:46+05:30,2024-01-20 07:02:46+05:30,SCOOTER,1,4.605170185412446,58.209763329752725,Moderate,Monitor vehicle pattern
FKN00GL77865,6,2,5,2023-11-11 10:40:46+05:30,2024-01-11 03:25:46+05:30,PASSENGER AUTO,1,4.540457013786734,56.87084100924663,Moderate,Monitor vehicle pattern
FKN00GL22956,14,3,2,2023-11-16 01:59:46+05:30,2024-01-19 02:18:46+05:30,SCOOTER,1,4.513417001423287,56.31138031228713,Moderate,Monitor vehicle pattern
FKN00GL6946,13,3,2,2023-11-14 06:27:46+05:30,2024-01-25 03:24:46+05:30,SCOOTER,1,4.398428882288908,53.93226404531583,Moderate,Monitor vehicle pattern
FKN00GL6530,7,5,2,2023-12-27 10:34:46+05:30,2024-03-16 10:33:46+05:30,SCOOTER,1,4.332169877994238,52.561358284464596,Moderate,Monitor vehicle pattern
FKN00GL0635,12,5,1,2023-12-16 10:44:46+05:30,2024-03-15 05:24:46+05:30,SCOOTER,1,4.2749155954842335,51.37676116348607,Moderate,Monitor vehicle pattern
FKN00GL1048,12,5,1,2023-12-01 03:24:46+05:30,2024-03-15 05:32:46+05:30,SCOOTER,1,4.2749155954842335,51.37676116348607,Moderate,Monitor vehicle pattern
FKN00GL9526,12,5,1,2023-12-20 04:38:46+05:30,2024-02-01 05:00:46+05:30,SCOOTER,1,4.2749155954842335,51.37676116348607,Moderate,Monitor vehicle pattern
FKN00GL1118,17,2,2,2023-11-19 05:40:46+05:30,2024-03-15 06:01:46+05:30,CAR,1,4.215125479954124,50.13969739087544,Moderate,Monitor vehicle pattern
FKN00GL7998,15,4,1,2023-11-14 02:19:46+05:30,2024-03-15 04:06:46+05:30,CAR,1,4.1588830831286225,48.97603629103057,Moderate,Monitor vehicle pattern
FKN00GL41714,7,3,3,2023-11-16 01:16:46+05:30,2023-12-26 12:10:46+05:30,CAR,1,4.158883082839811,48.976036285055024,Moderate,Monitor vehicle pattern
FKN00GL19099,8,4,2,2023-11-14 06:28:46+05:30,2024-01-30 04:21:46+05:30,SCOOTER,1,4.119796082070544,48.167322132172785,Moderate,Monitor vehicle pattern
FKN00GL3083,8,4,2,2023-12-19 08:40:46+05:30,2024-01-30 04:28:46+05:30,SCOOTER,1,4.119796082070544,48.167322132172785,Moderate,Monitor vehicle pattern
FKN00GL6353,14,4,1,2023-11-14 12:30:46+05:30,2024-02-01 08:06:46+05:30,SCOOTER,1,4.062075301427644,46.97307311580855,Moderate,Monitor vehicle pattern
FKN00GL85200,5,4,3,2023-11-11 12:22:46+05:30,2024-01-18 12:00:46+05:30,CAR,1,4.031458805203199,46.33961459197516,Moderate,Monitor vehicle pattern
FKN00GL23020,9,2,3,2023-11-25 03:05:46+05:30,2024-01-06 04:34:46+05:30,SCOOTER,1,4.029523912307846,46.29958145466642,Moderate,Monitor vehicle pattern
FKN00GL14137,8,6,1,2023-11-15 08:19:46+05:30,2024-01-24 10:10:46+05:30,SCOOTER,1,4.028245058144566,46.27312182765583,Moderate,Monitor vehicle pattern
FKN00GL17806,10,5,1,2023-11-18 04:27:46+05:30,2024-01-12 10:00:46+05:30,SCOOTER,1,3.9964921210641844,45.61615022310451,Moderate,Monitor vehicle pattern
FKN00GL15265,23,1,2,2023-11-12 09:54:46+05:30,2024-01-25 10:08:46+05:30,MOTOR CYCLE,1,3.972567287736304,45.121142907710315,Moderate,Monitor vehicle pattern
FKN00GL14092,13,4,1,2023-11-16 05:32:46+05:30,2024-01-19 04:24:46+05:30,SCOOTER,1,3.958585994202966,44.831868475457085,Moderate,Monitor vehicle pattern
FKN00GL9182,13,2,2,2023-11-17 05:59:46+05:30,2024-03-10 10:14:46+05:30,SCOOTER,1,3.84862527207152,42.5567695807173,Moderate,Monitor vehicle pattern
FKN00GL101845,12,4,1,2023-11-14 10:16:46+05:30,2023-12-30 08:34:46+05:30,SCOOTER,1,3.8474240359785594,42.53191587973715,Moderate,Monitor vehicle pattern
FKN00GL2993,12,4,1,2023-11-16 02:01:46+05:30,2024-01-30 04:02:46+05:30,SCOOTER,1,3.8474240359785594,42.53191587973715,Moderate,Monitor vehicle pattern
FKN00GL134975,8,2,3,2023-11-16 05:22:46+05:30,2024-01-06 09:21:46+05:30,SCOOTER,1,3.845143009926405,42.48472121104513,Moderate,Monitor vehicle pattern
FKN00GL61648,8,2,3,2023-12-31 01:03:46+05:30,2024-03-13 09:30:46+05:30,CAR,1,3.845143009926405,42.48472121104513,Moderate,Monitor vehicle pattern
FKN00GL4303,9,5,1,2023-11-16 06:01:46+05:30,2024-03-15 05:48:46+05:30,SCOOTER,1,3.8376418214009,42.329520832284324,Moderate,Monitor vehicle pattern
FKN00GL11617,9,3,2,2023-11-18 02:40:46+05:30,2024-01-25 05:14:46+05:30,SCOOTER,1,3.837641821304959,42.329520830299295,Moderate,Monitor vehicle pattern
FKN00GL2378,9,3,2,2023-11-15 02:48:46+05:30,2024-01-20 07:49:46+05:30,MOTOR CYCLE,1,3.837641821304959,42.329520830299295,Moderate,Monitor vehicle pattern
FKN00GL6089,9,3,2,2023-11-14 06:30:46+05:30,2024-01-20 07:46:46+05:30,SCOOTER,1,3.837641821304959,42.329520830299295,Moderate,Monitor vehicle pattern
FKN00GL4424,11,4,1,2023-11-19 11:24:46+05:30,2024-01-31 12:43:46+05:30,SCOOTER,1,3.727359974474925,40.047777831804375,Moderate,Monitor vehicle pattern
FKN00GL12905,15,3,1,2023-12-02 07:16:46+05:30,2024-01-16 02:51:46+05:30,MAXI-CAB,1,3.696784962832342,39.41517762832859,Watch,Routine tracking
FKN00GL37439,8,5,1,2023-11-17 08:26:46+05:30,2024-01-30 09:30:46+05:30,MOTOR CYCLE,1,3.662040961982896,38.696320600117,Watch,Routine tracking
FKN00GL111071,8,3,2,2023-12-02 11:30:46+05:30,2024-01-05 08:12:46+05:30,MOTOR CYCLE,1,3.6620409618913454,38.696320598222805,Watch,Routine tracking
FKN00GL114087,8,3,2,2023-11-21 00:55:46+05:30,2023-12-14 05:47:46+05:30,MAXI-CAB,1,3.6620409618913454,38.696320598222805,Watch,Routine tracking
FKN00GL119791,8,3,2,2023-11-11 10:01:46+05:30,2023-12-27 10:33:46+05:30,SCOOTER,1,3.6620409618913454,38.696320598222805,Watch,Routine tracking
FKN00GL14755,8,3,2,2023-12-01 09:50:46+05:30,2024-01-24 03:21:46+05:30,SCOOTER,1,3.6620409618913454,38.696320598222805,Watch,Routine tracking
FKN00GL17389,8,3,2,2023-11-22 03:54:46+05:30,2024-01-13 04:02:46+05:30,SCOOTER,1,3.6620409618913454,38.696320598222805,Watch,Routine tracking
FKN00GL23209,8,3,2,2023-11-25 03:06:46+05:30,2024-01-17 01:39:46+05:30,SCOOTER,1,3.6620409618913454,38.696320598222805,Watch,Routine tracking
FKN00GL142763,5,2,4,2023-11-21 10:38:46+05:30,2024-03-10 12:05:46+05:30,PASSENGER AUTO,1,3.6581755825282327,38.616345493055206,Watch,Routine tracking
FKN00GL41563,6,4,2,2023-11-19 03:47:46+05:30,2024-03-15 02:52:46+05:30,TEMPO,1,3.648581529093584,38.41784351942182,Watch,Routine tracking
FKN00GL6315,6,4,2,2023-11-23 06:29:46+05:30,2024-03-14 10:11:46+05:30,SCOOTER,1,3.648581529093584,38.41784351942182,Watch,Routine tracking
FKN00GL0267,7,2,3,2023-11-16 06:10:46+05:30,2023-12-08 09:15:46+05:30,SCOOTER,1,3.6390226975498177,38.22007029041165,Watch,Routine tracking
FKN00GL103618,7,2,3,2023-11-11 03:23:46+05:30,2023-12-03 01:17:46+05:30,PASSENGER AUTO,1,3.6390226975498177,38.22007029041165,Watch,Routine tracking
FKN00GL11641,7,2,3,2023-12-09 03:16:46+05:30,2024-01-25 05:15:46+05:30,SCOOTER,1,3.6390226975498177,38.22007029041165,Watch,Routine tracking
FKN00GL130823,7,2,3,2023-11-16 00:52:46+05:30,2024-01-05 01:12:46+05:30,CAR,1,3.6390226975498177,38.22007029041165,Watch,Routine tracking
FKN00GL3018,7,2,3,2023-11-28 05:55:46+05:30,2024-01-28 05:47:46+05:30,SCOOTER,1,3.6390226975498177,38.22007029041165,Watch,Routine tracking
FKN00GL8361,11,2,2,2023-12-03 06:29:46+05:30,2024-03-18 08:25:46+05:30,SCOOTER,1,3.6238221973400284,37.90557034391763,Watch,Routine tracking
FKN00GL25480,17,1,2,2023-11-16 02:05:46+05:30,2024-01-21 09:48:46+05:30,SCOOTER,1,3.6129646971895575,37.680927524980476,Watch,Routine tracking
FKN00GL11705,14,3,1,2023-11-14 06:30:46+05:30,2024-01-25 03:34:46+05:30,SCOOTER,1,3.6107336013191658,37.634765916995406,Watch,Routine tracking
FKN00GL123929,5,3,3,2023-11-12 11:00:46+05:30,2024-01-04 04:15:46+05:30,VAN,1,3.58351893800817,37.071691673580126,Watch,Routine tracking
FKN00GL21231,5,3,3,2023-12-04 01:42:46+05:30,2024-01-22 01:12:46+05:30,LGV,1,3.58351893800817,37.071691673580126,Watch,Routine tracking
FKN00GL61362,5,3,3,2023-11-19 08:20:46+05:30,2023-12-02 11:36:46+05:30,CAR,1,3.58351893800817,37.071691673580126,Watch,Routine tracking
FKN00GL18794,16,1,2,2023-11-13 04:17:46+05:30,2024-01-20 04:19:46+05:30,CAR,1,3.5415166798931943,36.202660539902,Watch,Routine tracking
FKN00GL0889,13,3,1,2023-12-16 05:58:46+05:30,2024-03-16 03:53:46+05:30,SCOOTER,1,3.5187431060070633,35.73147290332322,Watch,Routine tracking
FKN00GL16589,10,2,2,2023-12-07 08:54:46+05:30,2024-01-18 05:12:46+05:30,SCOOTER,1,3.4969306059061838,35.28016998434366,Watch,Routine tracking
FKN00GL76754,10,2,2,2023-11-15 03:34:46+05:30,2024-01-06 03:36:46+05:30,MOTOR CYCLE,1,3.4969306059061838,35.28016998434366,Watch,Routine tracking
FKN00GL109724,7,5,1,2023-11-19 03:29:46+05:30,2024-01-21 01:31:46+05:30,CAR,1,3.4657359025686767,34.63474829458738,Watch,Routine tracking
FKN00GL16636,7,5,1,2023-12-01 04:03:46+05:30,2024-03-14 09:09:46+05:30,MOTOR CYCLE,1,3.4657359025686767,34.63474829458738,Watch,Routine tracking
FKN00GL22726,7,5,1,2023-11-17 05:10:46+05:30,2024-01-18 05:04:46+05:30,SCOOTER,1,3.4657359025686767,34.63474829458738,Watch,Routine tracking
FKN00GL0166,7,3,2,2023-11-28 03:05:46+05:30,2024-01-25 03:13:46+05:30,SCOOTER,1,3.4657359024820336,34.634748292794725,Watch,Routine tracking
FKN00GL10599,7,3,2,2023-12-12 04:44:46+05:30,2024-03-10 00:50:46+05:30,LGV,1,3.4657359024820336,34.634748292794725,Watch,Routine tracking
FKN00GL1301,7,3,2,2023-11-30 06:36:46+05:30,2024-01-14 09:57:46+05:30,SCOOTER,1,3.4657359024820336,34.634748292794725,Watch,Routine tracking
FKN00GL16746,7,3,2,2023-12-03 03:07:46+05:30,2024-01-13 13:42:46+05:30,SCHOOL VEHICLE,1,3.4657359024820336,34.634748292794725,Watch,Routine tracking
FKN00GL6094,7,3,2,2023-11-16 05:13:46+05:30,2024-01-25 03:24:46+05:30,SCOOTER,1,3.4657359024820336,34.634748292794725,Watch,Routine tracking
FKN00GL21004,9,4,1,2023-11-11 10:01:46+05:30,2024-03-16 10:35:46+05:30,SCOOTER,1,3.453877639299187,34.38939958156511,Watch,Routine tracking
FKN00GL61150,9,1,3,2023-12-14 09:27:46+05:30,2024-01-22 07:10:46+05:30,SCOOTER,1,3.4538776392032458,34.38939957958008,Watch,Routine tracking
FKN00GL0420,12,3,1,2023-11-15 08:54:46+05:30,2024-03-13 05:04:46+05:30,SCOOTER,1,3.419932476472885,33.68707059598822,Watch,Routine tracking
FKN00GL141107,6,1,4,2023-11-23 07:00:46+05:30,2024-01-21 05:18:46+05:30,CAR,1,3.40534276048194,33.38520783915867,Watch,Routine tracking
FKN00GL1875,17,2,1,2023-11-18 08:16:46+05:30,2024-03-15 10:54:46+05:30,MOTOR CYCLE,1,3.372100384131904,32.69741957961919,Watch,Routine tracking
FKN00GL143086,5,4,2,2023-11-21 13:17:46+05:30,2024-01-18 02:13:46+05:30,CAR,1,3.359549004447984,32.43773021515494,Watch,Routine tracking
FKN00GL2114,5,4,2,2023-11-10 01:38:46+05:30,2024-03-15 11:36:46+05:30,SCOOTER,1,3.359549004447984,32.43773021515494,Watch,Routine tracking
FKN00GL41594,5,4,2,2023-11-13 02:37:46+05:30,2024-03-12 02:48:46+05:30,LGV,1,3.359549004447984,32.43773021515494,Watch,Routine tracking
FKN00GL10449,9,2,2,2023-12-08 01:27:46+05:30,2024-03-12 01:12:46+05:30,CAR,1,3.3579365937018024,32.404369267396525,Watch,Routine tracking
FKN00GL111010,9,2,2,2023-11-16 09:43:46+05:30,2023-12-24 08:21:46+05:30,SCOOTER,1,3.3579365937018024,32.404369267396525,Watch,Routine tracking
FKN00GL20898,9,2,2,2023-11-17 01:25:46+05:30,2024-03-14 10:06:46+05:30,SCOOTER,1,3.3579365937018024,32.404369267396525,Watch,Routine tracking
FKN00GL23215,9,2,2,2023-11-15 02:32:46+05:30,2024-03-11 09:46:46+05:30,SCOOTER,1,3.3579365937018024,32.404369267396525,Watch,Routine tracking
FKN00GL0088,11,3,1,2023-11-15 03:36:46+05:30,2024-01-30 04:20:46+05:30,SCOOTER,1,3.31320886624595,31.478947886683972,Watch,Routine tracking
FKN00GL17863,26,1,1,2023-11-13 08:41:46+05:30,2024-01-20 09:56:46+05:30,CAR,1,3.295836866004329,31.11951937636658,Watch,Routine tracking
FKN00GL112240,8,4,1,2023-11-15 06:52:46+05:30,2024-03-13 09:58:46+05:30,SCOOTER,1,3.295836865821227,31.119519372578182,Watch,Routine tracking
FKN00GL57836,8,4,1,2023-12-17 05:48:46+05:30,2024-01-21 06:01:46+05:30,SCOOTER,1,3.295836865821227,31.119519372578182,Watch,Routine tracking
FKN00GL6175,8,4,1,2023-11-12 09:46:46+05:30,2024-01-24 10:25:46+05:30,SCOOTER,1,3.295836865821227,31.119519372578182,Watch,Routine tracking
FKN00GL14433,8,1,3,2023-12-09 08:15:46+05:30,2024-01-24 07:59:46+05:30,MOTOR CYCLE,1,3.2958368657296764,31.119519370683985,Watch,Routine tracking
FKN00GL20861,6,5,1,2023-11-21 09:15:46+05:30,2024-03-12 04:20:46+05:30,SCOOTER,1,3.2431835815426426,30.03011738844579,Watch,Routine tracking
FKN00GL9859,6,5,1,2023-11-16 05:28:46+05:30,2024-01-30 09:42:46+05:30,MOTOR CYCLE,1,3.2431835815426426,30.03011738844579,Watch,Routine tracking
FKN00GL104850,6,3,2,2023-11-22 04:21:46+05:30,2024-01-30 04:00:46+05:30,SCOOTER,1,3.2431835814615635,30.030117386768257,Watch,Routine tracking
FKN00GL15216,6,3,2,2023-12-03 04:53:46+05:30,2024-01-23 07:33:46+05:30,SCOOTER,1,3.2431835814615635,30.030117386768257,Watch,Routine tracking
FKN00GL17393,6,3,2,2023-11-15 07:41:46+05:30,2024-01-20 07:43:46+05:30,SCOOTER,1,3.2431835814615635,30.030117386768257,Watch,Routine tracking
FKN00GL23079,6,3,2,2023-12-13 11:49:46+05:30,2024-01-20 02:44:46+05:30,CAR,1,3.2431835814615635,30.030117386768257,Watch,Routine tracking
FKN00GL2865,6,3,2,2023-12-08 03:37:46+05:30,2024-03-16 04:23:46+05:30,SCOOTER,1,3.2431835814615635,30.030117386768257,Watch,Routine tracking
FKN00GL48905,6,3,2,2023-11-26 07:22:46+05:30,2024-03-12 03:31:46+05:30,SCOOTER,1,3.2431835814615635,30.030117386768257,Watch,Routine tracking
FKN00GL3514,15,2,1,2023-11-11 14:24:46+05:30,2024-03-14 15:17:46+05:30,PASSENGER AUTO,1,3.2346868425360618,29.854318965626625,Watch,Routine tracking
FKN00GL18450,12,1,2,2023-11-15 09:24:46+05:30,2024-01-13 05:42:46+05:30,SCOOTER,1,3.2061866966666117,29.264647953008154,Watch,Routine tracking
FKN00GL102806,8,2,2,2023-11-14 06:27:46+05:30,2023-12-19 07:56:46+05:30,MOTOR CYCLE,1,3.204285841712147,29.22531906427283,Watch,Routine tracking
FKN00GL11444,8,2,2,2023-11-19 04:49:46+05:30,2024-01-25 05:25:46+05:30,CAR,1,3.204285841712147,29.22531906427283,Watch,Routine tracking
FKN00GL115574,10,3,1,2023-12-03 03:08:46+05:30,2024-01-06 02:05:46+05:30,CAR,1,3.1971936969312775,29.078581843567765,Watch,Routine tracking
FKN00GL18558,10,3,1,2023-12-02 11:30:46+05:30,2024-01-18 11:27:46+05:30,SCOOTER,1,3.1971936969312775,29.078581843567765,Watch,Routine tracking
FKN00GL76628,10,3,1,2023-11-23 04:18:46+05:30,2024-01-30 05:07:46+05:30,SCOOTER,1,3.1971936969312775,29.078581843567765,Watch,Routine tracking
FKN00GL0930,14,2,1,2023-11-11 04:43:46+05:30,2024-01-15 08:17:46+05:30,PASSENGER AUTO,1,3.159391901210688,28.296458718182272,Watch,Routine tracking
FKN00GL114212,5,2,3,2023-11-20 03:57:46+05:30,2024-01-18 07:05:46+05:30,CAR,1,3.1355790708131415,27.8037687551851,Watch,Routine tracking
FKN00GL36069,5,2,3,2023-12-12 10:01:46+05:30,2024-01-21 11:25:46+05:30,CAR,1,3.1355790708131415,27.8037687551851,Watch,Routine tracking
FKN00GL10011,7,4,1,2023-11-16 05:32:46+05:30,2024-01-30 08:48:46+05:30,MOTOR CYCLE,1,3.1191623123464667,27.464104297560908,Watch,Routine tracking
FKN00GL9775,7,4,1,2023-12-07 03:32:46+05:30,2024-01-31 03:26:46+05:30,CAR,1,3.1191623123464667,27.464104297560908,Watch,Routine tracking
FKN00GL60534,11,1,2,2023-11-11 09:50:46+05:30,2024-01-04 07:41:46+05:30,SCOOTER,1,3.106133312079694,27.194532913052676,Watch,Routine tracking
FKN00GL11475,13,2,1,2023-11-11 03:09:46+05:30,2024-03-11 04:57:46+05:30,CAR,1,3.078900217811161,26.631077331189367,Watch,Routine tracking
FKN00GL6860,13,2,1,2023-11-16 04:04:46+05:30,2024-03-16 01:29:46+05:30,CAR,1,3.078900217811161,26.631077331189367,Watch,Routine tracking
FKN00GL127897,7,2,2,2023-11-15 02:46:46+05:30,2024-01-03 04:34:46+05:30,SCOOTER,1,3.0325189147259315,25.671443296959794,Watch,Routine tracking
FKN00GL130678,7,2,2,2023-11-18 02:39:46+05:30,2024-01-06 03:33:46+05:30,SCOOTER,1,3.0325189147259315,25.671443296959794,Watch,Routine tracking
FKN00GL152658,7,2,2,2023-12-17 04:21:46+05:30,2024-01-18 02:35:46+05:30,SCOOTER,1,3.0325189147259315,25.671443296959794,Watch,Routine tracking
FKN00GL26002,7,2,2,2023-11-21 23:50:46+05:30,2024-03-17 01:16:46+05:30,LGV,1,3.0325189147259315,25.671443296959794,Watch,Routine tracking
FKN00GL2615,7,2,2,2023-11-18 02:40:46+05:30,2023-12-27 01:49:46+05:30,SCOOTER,1,3.0325189147259315,25.671443296959794,Watch,Routine tracking
FKN00GL3284,7,2,2,2023-11-11 08:09:46+05:30,2024-01-31 07:22:46+05:30,PASSENGER AUTO,1,3.0325189147259315,25.671443296959794,Watch,Routine tracking
FKN00GL114057,10,1,2,2023-11-11 12:11:46+05:30,2023-12-07 08:29:46+05:30,CAR,1,2.9973690908480948,24.94418974764998,Watch,Routine tracking
FKN00GL0201,5,3,2,2023-11-17 11:27:46+05:30,2024-01-02 01:24:46+05:30,MOTOR CYCLE,1,2.9862657817730174,24.714461116234972,Watch,Routine tracking
FKN00GL11305,5,3,2,2024-01-05 10:13:46+05:30,2024-01-26 00:24:46+05:30,MOTOR CYCLE,1,2.9862657817730174,24.714461116234972,Watch,Routine tracking
FKN00GL126604,5,3,2,2023-11-14 06:26:46+05:30,2024-01-20 06:56:46+05:30,SCOOTER,1,2.9862657817730174,24.714461116234972,Watch,Routine tracking
FKN00GL14087,5,3,2,2023-11-16 05:58:46+05:30,2024-01-24 10:38:46+05:30,SCOOTER,1,2.9862657817730174,24.714461116234972,Watch,Routine tracking
FKN00GL15336,5,3,2,2023-12-29 06:33:46+05:30,2024-03-11 04:52:46+05:30,MAXI-CAB,1,2.9862657817730174,24.714461116234972,Watch,Routine tracking
FKN00GL1930,5,3,2,2023-11-10 08:34:46+05:30,2024-03-15 11:13:46+05:30,CAR,1,2.9862657817730174,24.714461116234972,Watch,Routine tracking
FKN00GL5140,5,3,2,2023-12-13 11:49:46+05:30,2024-01-20 02:44:46+05:30,MAXI-CAB,1,2.9862657817730174,24.714461116234972,Watch,Routine tracking
FKN00GL102161,8,3,1,2023-11-14 06:27:46+05:30,2024-01-21 04:59:46+05:30,SCOOTER,1,2.929632769659558,23.542718145039355,Watch,Routine tracking
FKN00GL1053,8,3,1,2023-12-15 02:51:46+05:30,2024-03-15 06:17:46+05:30,MOTOR CYCLE,1,2.929632769659558,23.542718145039355,Watch,Routine tracking
FKN00GL11028,8,3,1,2023-11-19 03:35:46+05:30,2024-02-01 10:22:46+05:30,SCOOTER,1,2.929632769659558,23.542718145039355,Watch,Routine tracking
FKN00GL12904,8,3,1,2023-12-03 05:00:46+05:30,2024-01-16 05:03:46+05:30,CAR,1,2.929632769659558,23.542718145039355,Watch,Routine tracking
FKN00GL16342,8,3,1,2023-12-13 07:45:46+05:30,2024-01-21 05:56:46+05:30,SCOOTER,1,2.929632769659558,23.542718145039355,Watch,Routine tracking
FKN00GL17374,8,3,1,2024-01-02 08:36:46+05:30,2024-01-30 09:29:46+05:30,SCOOTER,1,2.929632769659558,23.542718145039355,Watch,Routine tracking
FKN00GL19006,8,3,1,2023-11-22 06:09:46+05:30,2024-03-12 08:31:46+05:30,MOTOR CYCLE,1,2.929632769659558,23.542718145039355,Watch,Routine tracking
FKN00GL7697,8,3,1,2023-11-17 08:19:46+05:30,2024-01-04 06:18:46+05:30,MOTOR CYCLE,1,2.929632769659558,23.542718145039355,Watch,Routine tracking
FKN00GL9032,8,3,1,2023-12-14 07:48:46+05:30,2024-03-14 06:18:46+05:30,SCOOTER,1,2.929632769659558,23.542718145039355,Watch,Routine tracking
FKN00GL0954,6,4,1,2023-12-16 09:52:46+05:30,2024-03-15 05:34:46+05:30,SCOOTER,1,2.9188652234208106,23.319936481987433,Watch,Routine tracking
FKN00GL111130,6,4,1,2023-11-18 07:10:46+05:30,2024-01-07 09:59:46+05:30,SCOOTER,1,2.9188652234208106,23.319936481987433,Watch,Routine tracking
FKN00GL13270,6,4,1,2023-11-23 02:48:46+05:30,2024-01-24 03:01:46+05:30,SCOOTER,1,2.9188652234208106,23.319936481987433,Watch,Routine tracking
FKN00GL1554,6,4,1,2023-11-14 03:36:46+05:30,2024-01-25 05:08:46+05:30,SCOOTER,1,2.9188652234208106,23.319936481987433,Watch,Routine tracking
FKN00GL1569,6,4,1,2023-11-22 02:44:46+05:30,2024-01-25 05:08:46+05:30,SCOOTER,1,2.9188652234208106,23.319936481987433,Watch,Routine tracking
FKN00GL18092,6,4,1,2023-12-21 05:09:46+05:30,2024-01-30 04:59:46+05:30,SCOOTER,1,2.9188652234208106,23.319936481987433,Watch,Routine tracking
FKN00GL19373,6,4,1,2023-12-07 03:32:46+05:30,2024-01-31 03:27:46+05:30,CAR,1,2.9188652234208106,23.319936481987433,Watch,Routine tracking
FKN00GL35636,6,4,1,2023-11-17 07:29:46+05:30,2024-01-04 06:13:46+05:30,SCOOTER,1,2.9188652234208106,23.319936481987433,Watch,Routine tracking
FKN00GL6219,6,4,1,2023-12-03 08:24:46+05:30,2024-01-22 08:15:46+05:30,SCOOTER,1,2.9188652234208106,23.319936481987433,Watch,Routine tracking
FKN00GL81099,6,4,1,2023-11-21 07:55:46+05:30,2024-01-28 12:36:46+05:30,SCOOTER,1,2.9188652234208106,23.319936481987433,Watch,Routine tracking
FKN00GL82323,6,4,1,2023-12-07 03:34:46+05:30,2024-01-31 03:30:46+05:30,MAXI-CAB,1,2.9188652234208106,23.319936481987433,Watch,Routine tracking
FKN00GL9608,6,4,1,2023-11-19 03:29:46+05:30,2024-01-09 01:09:46+05:30,CAR,1,2.9188652234208106,23.319936481987433,Watch,Routine tracking
FKN00GL47241,6,1,3,2023-11-22 05:48:46+05:30,2024-01-11 10:12:46+05:30,PASSENGER AUTO,1,2.918865223339731,23.319936480309885,Watch,Routine tracking
FKN00GL0395,11,2,1,2023-11-16 03:58:46+05:30,2024-03-11 05:51:46+05:30,SCOOTER,1,2.8990577580169754,22.91011794156358,Watch,Routine tracking
FKN00GL2850,11,2,1,2023-11-17 09:58:46+05:30,2024-02-01 08:31:46+05:30,MOTOR CYCLE,1,2.8990577580169754,22.91011794156358,Watch,Routine tracking
FKN00GL2863,11,2,1,2023-12-07 04:33:46+05:30,2024-02-01 08:40:46+05:30,SCOOTER,1,2.8990577580169754,22.91011794156358,Watch,Routine tracking
FKN00GL6855,11,2,1,2023-12-07 08:54:46+05:30,2024-01-25 07:46:46+05:30,SCOOTER,1,2.8990577580169754,22.91011794156358,Watch,Routine tracking
FKN00GL119670,9,1,2,2023-11-13 09:28:46+05:30,2024-01-14 08:55:46+05:30,CAR,1,2.8782313660986456,22.479217704493752,Watch,Routine tracking
FKN00GL17572,9,1,2,2023-12-13 05:36:46+05:30,2024-01-19 10:52:46+05:30,CAR,1,2.8782313660986456,22.479217704493752,Watch,Routine tracking
FKN00GL19014,9,1,2,2023-11-11 03:06:46+05:30,2024-01-16 10:09:46+05:30,CAR,1,2.8782313660986456,22.479217704493752,Watch,Routine tracking
FKN00GL73104,9,1,2,2023-11-18 01:36:46+05:30,2024-01-31 02:07:46+05:30,CAR,1,2.8782313660986456,22.479217704493752,Watch,Routine tracking
FKN00GL7760,9,1,2,2023-11-11 14:24:46+05:30,2024-01-27 10:14:46+05:30,PASSENGER AUTO,1,2.8782313660986456,22.479217704493752,Watch,Routine tracking
FKN00GL7916,9,1,2,2023-11-11 09:59:46+05:30,2024-01-27 06:36:46+05:30,SCOOTER,1,2.8782313660986456,22.479217704493752,Watch,Routine tracking
FKN00GL8211,9,1,2,2023-11-10 08:54:46+05:30,2024-01-18 08:08:46+05:30,SCOOTER,1,2.8782313660986456,22.479217704493752,Watch,Routine tracking
FKN00GL21803,6,2,2,2023-11-11 09:41:46+05:30,2024-01-07 09:45:46+05:30,PASSENGER AUTO,1,2.8377856338295433,21.642391254114692,Watch,Routine tracking
FKN00GL31543,6,2,2,2023-11-21 01:22:46+05:30,2023-12-31 03:54:46+05:30,CAR,1,2.8377856338295433,21.642391254114692,Watch,Routine tracking
FKN00GL75561,6,2,2,2023-11-15 02:47:46+05:30,2024-01-06 03:34:46+05:30,SCOOTER,1,2.8377856338295433,21.642391254114692,Watch,Routine tracking
FKN00GL78166,6,2,2,2023-11-15 02:49:46+05:30,2023-12-30 01:19:46+05:30,SCOOTER,1,2.8377856338295433,21.642391254114692,Watch,Routine tracking
FKN00GL9585,6,2,2,2023-12-31 05:49:46+05:30,2024-02-01 03:27:46+05:30,CAR,1,2.8377856338295433,21.642391254114692,Watch,Routine tracking
FKN00GL9928,6,2,2,2023-12-01 06:25:46+05:30,2024-01-31 08:25:46+05:30,SCOOTER,1,2.8377856338295433,21.642391254114692,Watch,Routine tracking
FKN00GL1880,10,2,1,2023-11-14 06:31:46+05:30,2024-03-15 10:54:46+05:30,SCOOTER,1,2.7975444848648245,20.809797653799393,Watch,Routine tracking
FKN00GL23218,10,2,1,2023-12-07 07:49:46+05:30,2024-01-17 09:27:46+05:30,MOTOR CYCLE,1,2.7975444848648245,20.809797653799393,Watch,Routine tracking
FKN00GL32387,10,2,1,2023-11-12 08:34:46+05:30,2024-03-11 11:01:46+05:30,CAR,1,2.7975444848648245,20.809797653799393,Watch,Routine tracking
FKN00GL50547,10,2,1,2023-11-22 01:07:46+05:30,2024-03-12 08:49:46+05:30,VAN,1,2.7975444848648245,20.809797653799393,Watch,Routine tracking
FKN00GL5111,10,2,1,2023-11-10 04:20:46+05:30,2024-03-12 05:28:46+05:30,SCOOTER,1,2.7975444848648245,20.809797653799393,Watch,Routine tracking
FKN00GL54261,10,2,1,2023-12-09 06:08:46+05:30,2024-01-19 05:18:46+05:30,SCOOTER,1,2.7975444848648245,20.809797653799393,Watch,Routine tracking
FKN00GL111727,15,1,1,2023-11-14 11:10:46+05:30,2024-01-01 09:44:46+05:30,MOTOR CYCLE,1,2.772588722239781,20.29346030292465,Watch,Routine tracking
FKN00GL0636,7,3,1,2024-01-12 03:50:46+05:30,2024-03-15 05:43:46+05:30,SCOOTER,1,2.772588722124256,20.293460300534427,Watch,Routine tracking
FKN00GL0923,7,3,1,2023-12-27 10:26:46+05:30,2024-03-15 05:50:46+05:30,SCOOTER,1,2.772588722124256,20.293460300534427,Watch,Routine tracking
FKN00GL10031,7,3,1,2023-11-22 04:51:46+05:30,2024-01-24 09:26:46+05:30,MOTOR CYCLE,1,2.772588722124256,20.293460300534427,Watch,Routine tracking
FKN00GL102677,7,3,1,2023-11-23 04:27:46+05:30,2024-01-30 04:38:46+05:30,SCOOTER,1,2.772588722124256,20.293460300534427,Watch,Routine tracking
FKN00GL11683,7,3,1,2024-01-04 06:18:46+05:30,2024-01-25 04:34:46+05:30,SCOOTER,1,2.772588722124256,20.293460300534427,Watch,Routine tracking
FKN00GL118168,7,3,1,2023-12-05 04:11:46+05:30,2023-12-30 04:00:46+05:30,CAR,1,2.772588722124256,20.293460300534427,Watch,Routine tracking
FKN00GL14101,7,3,1,2023-12-06 05:14:46+05:30,2024-01-24 10:32:46+05:30,SCOOTER,1,2.772588722124256,20.293460300534427,Watch,Routine tracking
FKN00GL17864,7,3,1,2023-11-15 07:50:46+05:30,2024-01-12 09:26:46+05:30,SCOOTER,1,2.772588722124256,20.293460300534427,Watch,Routine tracking
FKN00GL2906,7,3,1,2023-12-11 02:41:46+05:30,2024-01-23 03:13:46+05:30,CAR,1,2.772588722124256,20.293460300534427,Watch,Routine tracking
FKN00GL3531,7,3,1,2023-12-06 08:11:46+05:30,2024-03-12 04:35:46+05:30,SCOOTER,1,2.772588722124256,20.293460300534427,Watch,Routine tracking
FKN00GL5761,7,3,1,2023-11-17 09:31:46+05:30,2024-03-12 08:45:46+05:30,SCOOTER,1,2.772588722124256,20.293460300534427,Watch,Routine tracking
FKN00GL76597,7,3,1,2023-12-20 10:00:46+05:30,2024-01-30 04:39:46+05:30,SCOOTER,1,2.772588722124256,20.293460300534427,Watch,Routine tracking
FKN00GL124046,8,1,2,2023-11-12 11:15:46+05:30,2023-12-31 10:00:46+05:30,SCOOTER,1,2.746530721532948,19.754317530322844,Watch,Routine tracking
FKN00GL159047,8,1,2,2023-12-19 08:53:46+05:30,2024-01-15 10:07:46+05:30,SCOOTER,1,2.746530721532948,19.754317530322844,Watch,Routine tracking
FKN00GL30840,8,1,2,2023-11-17 05:51:46+05:30,2024-01-14 11:04:46+05:30,MOTOR CYCLE,1,2.746530721532948,19.754317530322844,Watch,Routine tracking
FKN00GL45914,8,1,2,2023-11-29 01:32:46+05:30,2024-02-01 01:35:46+05:30,CAR,1,2.746530721532948,19.754317530322844,Watch,Routine tracking
FKN00GL7795,8,1,2,2023-11-12 11:15:46+05:30,2023-12-24 10:42:46+05:30,MOPED,1,2.746530721532948,19.754317530322844,Watch,Routine tracking
FKN00GL0164,5,4,1,2023-11-19 03:48:46+05:30,2024-01-09 01:11:46+05:30,LGV,1,2.687639203692769,18.53584583833472,Watch,Routine tracking
FKN00GL0457,5,4,1,2023-11-30 10:57:46+05:30,2024-01-30 10:03:46+05:30,MOTOR CYCLE,1,2.687639203692769,18.53584583833472,Watch,Routine tracking
FKN00GL101897,5,4,1,2023-11-14 03:38:46+05:30,2024-01-24 06:50:46+05:30,SCOOTER,1,2.687639203692769,18.53584583833472,Watch,Routine tracking
FKN00GL107777,5,4,1,2023-11-15 05:56:46+05:30,2024-03-14 09:02:46+05:30,SCOOTER,1,2.687639203692769,18.53584583833472,Watch,Routine tracking
FKN00GL111956,5,4,1,2023-11-16 12:32:46+05:30,2023-12-30 11:53:46+05:30,MOTOR CYCLE,1,2.687639203692769,18.53584583833472,Watch,Routine tracking
FKN00GL121558,5,4,1,2023-12-07 03:31:46+05:30,2024-01-31 03:26:46+05:30,CAR,1,2.687639203692769,18.53584583833472,Watch,Routine tracking
FKN00GL13361,5,4,1,2023-12-09 06:07:46+05:30,2024-01-30 03:33:46+05:30,SCOOTER,1,2.687639203692769,18.53584583833472,Watch,Routine tracking
FKN00GL14081,5,4,1,2023-12-21 09:35:46+05:30,2024-03-13 05:36:46+05:30,SCOOTER,1,2.687639203692769,18.53584583833472,Watch,Routine tracking
FKN00GL17070,5,4,1,2023-12-13 07:44:46+05:30,2024-01-17 08:20:46+05:30,SCOOTER,1,2.687639203692769,18.53584583833472,Watch,Routine tracking
FKN00GL33720,5,4,1,2023-11-15 09:11:46+05:30,2024-01-23 08:56:46+05:30,SCOOTER,1,2.687639203692769,18.53584583833472,Watch,Routine tracking
FKN00GL4845,5,4,1,2023-12-16 03:06:46+05:30,2024-01-31 03:23:46+05:30,CAR,1,2.687639203692769,18.53584583833472,Watch,Routine tracking
FKN00GL53617,5,4,1,2023-11-19 03:28:46+05:30,2024-01-11 01:16:46+05:30,CAR,1,2.687639203692769,18.53584583833472,Watch,Routine tracking
FKN00GL68630,5,4,1,2023-11-17 05:21:46+05:30,2024-03-14 09:01:46+05:30,SCOOTER,1,2.687639203692769,18.53584583833472,Watch,Routine tracking
FKN00GL76219,5,4,1,2023-11-19 03:26:46+05:30,2024-01-19 01:12:46+05:30,MAXI-CAB,1,2.687639203692769,18.53584583833472,Watch,Routine tracking
FKN00GL94104,5,4,1,2023-12-14 08:53:46+05:30,2024-01-25 04:35:46+05:30,SCOOTER,1,2.687639203692769,18.53584583833472,Watch,Routine tracking
FKN00GL111268,5,1,3,2023-11-19 02:00:46+05:30,2023-12-08 03:27:46+05:30,MAXI-CAB,1,2.6876392036181125,18.535845836790063,Watch,Routine tracking
FKN00GL117331,5,1,3,2023-11-18 09:18:46+05:30,2024-01-14 11:23:46+05:30,SCOOTER,1,2.6876392036181125,18.535845836790063,Watch,Routine tracking
FKN00GL133921,5,1,3,2023-11-17 00:53:46+05:30,2023-12-12 01:57:46+05:30,CAR,1,2.6876392036181125,18.535845836790063,Watch,Routine tracking
FKN00GL15108,5,1,3,2023-11-21 06:44:46+05:30,2024-01-23 09:08:46+05:30,LGV,1,2.6876392036181125,18.535845836790063,Watch,Routine tracking
FKN00GL5756,5,1,3,2023-12-15 12:12:46+05:30,2024-01-11 04:20:46+05:30,SCOOTER,1,2.6876392036181125,18.535845836790063,Watch,Routine tracking
FKN00GL14474,9,2,1,2023-11-22 07:15:46+05:30,2024-01-25 07:46:46+05:30,SCOOTER,1,2.68634927509576,18.509157080126666,Watch,Routine tracking
FKN00GL33465,9,2,1,2023-11-11 03:06:46+05:30,2024-03-11 09:37:46+05:30,SCOOTER,1,2.68634927509576,18.509157080126666,Watch,Routine tracking
FKN00GL4211,9,2,1,2023-12-09 01:48:46+05:30,2024-01-16 09:55:46+05:30,SCOOTER,1,2.68634927509576,18.509157080126666,Watch,Routine tracking
FKN00GL4341,9,2,1,2023-12-06 08:00:46+05:30,2024-03-14 06:28:46+05:30,MOTOR CYCLE,1,2.68634927509576,18.509157080126666,Watch,Routine tracking
FKN00GL44151,9,2,1,2023-11-11 09:26:46+05:30,2024-03-11 05:14:46+05:30,MOTOR CYCLE,1,2.68634927509576,18.509157080126666,Watch,Routine tracking
FKN00GL53686,9,2,1,2023-11-20 06:11:46+05:30,2023-12-11 10:08:46+05:30,CAR,1,2.68634927509576,18.509157080126666,Watch,Routine tracking
FKN00GL7910,9,2,1,2023-11-12 05:48:46+05:30,2024-03-12 03:59:46+05:30,SCOOTER,1,2.68634927509576,18.509157080126666,Watch,Routine tracking
FKN00GL0734,13,1,1,2023-11-16 06:32:46+05:30,2023-12-29 05:03:46+05:30,CAR,1,2.6390573296152584,17.530681759055504,Watch,Routine tracking
FKN00GL10831,13,1,1,2023-11-17 07:16:46+05:30,2024-01-27 05:48:46+05:30,SCOOTER,1,2.6390573296152584,17.530681759055504,Watch,Routine tracking
FKN00GL32407,13,1,1,2023-11-11 06:21:46+05:30,2024-01-19 07:25:46+05:30,CAR,1,2.6390573296152584,17.530681759055504,Watch,Routine tracking
FKN00GL1126,5,2,2,2023-11-17 08:22:46+05:30,2024-03-15 06:06:46+05:30,SCOOTER,1,2.612982559098051,16.99119201731501,Watch,Routine tracking
FKN00GL116393,5,2,2,2023-12-01 08:47:46+05:30,2024-01-06 05:11:46+05:30,MOTOR CYCLE,1,2.612982559098051,16.99119201731501,Watch,Routine tracking
FKN00GL119126,5,2,2,2023-11-21 06:02:46+05:30,2023-12-20 09:25:46+05:30,SCOOTER,1,2.612982559098051,16.99119201731501,Watch,Routine tracking
FKN00GL16075,5,2,2,2023-11-12 03:56:46+05:30,2024-03-12 01:10:46+05:30,LGV,1,2.612982559098051,16.99119201731501,Watch,Routine tracking
FKN00GL170755,5,2,2,2023-12-29 03:56:46+05:30,2023-12-31 09:07:46+05:30,SCOOTER,1,2.612982559098051,16.99119201731501,Watch,Routine tracking
FKN00GL18731,5,2,2,2023-12-20 01:55:46+05:30,2024-03-11 03:29:46+05:30,VAN,1,2.612982559098051,16.99119201731501,Watch,Routine tracking
FKN00GL19786,5,2,2,2023-12-08 06:23:46+05:30,2024-01-04 09:03:46+05:30,SCOOTER,1,2.612982559098051,16.99119201731501,Watch,Routine tracking
FKN00GL49710,5,2,2,2023-11-17 10:37:46+05:30,2024-01-21 11:45:46+05:30,PASSENGER AUTO,1,2.612982559098051,16.99119201731501,Watch,Routine tracking
FKN00GL55913,5,2,2,2023-11-23 02:37:46+05:30,2024-01-19 04:04:46+05:30,SCOOTER,1,2.612982559098051,16.99119201731501,Watch,Routine tracking
FKN00GL6954,5,2,2,2023-12-20 02:26:46+05:30,2024-01-20 07:48:46+05:30,SCOOTER,1,2.612982559098051,16.99119201731501,Watch,Routine tracking
FKN00GL8131,5,2,2,2023-12-09 02:38:46+05:30,2023-12-24 05:26:46+05:30,CAR,1,2.612982559098051,16.99119201731501,Watch,Routine tracking
FKN00GL82045,5,2,2,2023-11-26 03:50:46+05:30,2024-01-24 10:17:46+05:30,PASSENGER AUTO,1,2.612982559098051,16.99119201731501,Watch,Routine tracking
FKN00GL11030,7,1,2,2023-11-16 00:49:46+05:30,2024-01-21 11:24:46+05:30,LGV,1,2.5993019269698294,16.70813830112486,Watch,Routine tracking
FKN00GL115942,7,1,2,2023-12-02 05:30:46+05:30,2024-01-18 08:05:46+05:30,SCOOTER,1,2.5993019269698294,16.70813830112486,Watch,Routine tracking
FKN00GL118445,7,1,2,2023-11-11 08:18:46+05:30,2024-01-11 10:47:46+05:30,CAR,1,2.5993019269698294,16.70813830112486,Watch,Routine tracking
FKN00GL15079,7,1,2,2023-12-14 10:25:46+05:30,2024-01-23 09:44:46+05:30,PASSENGER AUTO,1,2.5993019269698294,16.70813830112486,Watch,Routine tracking
FKN00GL2891,7,1,2,2023-11-15 09:13:46+05:30,2024-02-01 08:52:46+05:30,SCOOTER,1,2.5993019269698294,16.70813830112486,Watch,Routine tracking
FKN00GL44125,7,1,2,2023-11-16 09:17:46+05:30,2024-01-20 03:54:46+05:30,SCOOTER,1,2.5993019269698294,16.70813830112486,Watch,Routine tracking
FKN00GL8209,7,1,2,2023-11-18 11:51:46+05:30,2024-01-06 12:24:46+05:30,SCOOTER,1,2.5993019269698294,16.70813830112486,Watch,Routine tracking
FKN00GL0990,6,3,1,2023-12-09 06:06:46+05:30,2024-03-15 05:33:46+05:30,MOTOR CYCLE,1,2.594546865298978,16.609755575529064,Watch,Routine tracking
FKN00GL102163,6,3,1,2023-11-16 06:20:46+05:30,2024-01-25 03:24:46+05:30,SCOOTER,1,2.594546865298978,16.609755575529064,Watch,Routine tracking
FKN00GL113909,6,3,1,2023-11-21 08:48:46+05:30,2024-01-04 05:19:46+05:30,SCOOTER,1,2.594546865298978,16.609755575529064,Watch,Routine tracking
FKN00GL11665,6,3,1,2024-01-12 09:13:46+05:30,2024-03-12 08:20:46+05:30,SCOOTER,1,2.594546865298978,16.609755575529064,Watch,Routine tracking
FKN00GL123484,6,3,1,2023-11-22 02:41:46+05:30,2023-12-14 05:47:46+05:30,CAR,1,2.594546865298978,16.609755575529064,Watch,Routine tracking
FKN00GL146563,6,3,1,2023-11-23 04:30:46+05:30,2024-01-30 04:37:46+05:30,SCOOTER,1,2.594546865298978,16.609755575529064,Watch,Routine tracking
FKN00GL16533,6,3,1,2023-12-16 09:49:46+05:30,2024-01-30 09:05:46+05:30,MOTOR CYCLE,1,2.594546865298978,16.609755575529064,Watch,Routine tracking
FKN00GL18168,6,3,1,2023-11-16 05:11:46+05:30,2024-01-18 10:11:46+05:30,SCOOTER,1,2.594546865298978,16.609755575529064,Watch,Routine tracking
FKN00GL23130,6,3,1,2023-11-28 03:03:46+05:30,2023-12-22 02:53:46+05:30,MOTOR CYCLE,1,2.594546865298978,16.609755575529064,Watch,Routine tracking
FKN00GL2471,6,3,1,2024-01-12 04:33:46+05:30,2024-03-14 05:07:46+05:30,SCOOTER,1,2.594546865298978,16.609755575529064,Watch,Routine tracking
FKN00GL25393,6,3,1,2023-12-14 06:14:46+05:30,2024-03-15 04:38:46+05:30,SCOOTER,1,2.594546865298978,16.609755575529064,Watch,Routine tracking
FKN00GL2715,6,3,1,2023-11-16 05:19:46+05:30,2024-01-19 04:12:46+05:30,MOTOR CYCLE,1,2.594546865298978,16.609755575529064,Watch,Routine tracking
FKN00GL2994,6,3,1,2024-01-04 07:38:46+05:30,2024-01-30 04:02:46+05:30,SCOOTER,1,2.594546865298978,16.609755575529064,Watch,Routine tracking
FKN00GL3312,6,3,1,2023-11-16 04:38:46+05:30,2024-01-19 04:38:46+05:30,SCOOTER,1,2.594546865298978,16.609755575529064,Watch,Routine tracking
FKN00GL3670,6,3,1,2023-12-16 05:03:46+05:30,2024-01-30 09:27:46+05:30,MOTOR CYCLE,1,2.594546865298978,16.609755575529064,Watch,Routine tracking
FKN00GL37361,6,3,1,2023-12-01 04:46:46+05:30,2024-03-15 05:53:46+05:30,SCOOTER,1,2.594546865298978,16.609755575529064,Watch,Routine tracking
FKN00GL53581,6,3,1,2023-11-19 03:24:46+05:30,2024-01-19 01:16:46+05:30,CAR,1,2.594546865298978,16.609755575529064,Watch,Routine tracking
FKN00GL57714,6,3,1,2023-12-26 05:39:46+05:30,2024-01-21 06:01:46+05:30,SCOOTER,1,2.594546865298978,16.609755575529064,Watch,Routine tracking
FKN00GL9272,6,3,1,2023-12-15 06:27:46+05:30,2024-02-01 09:27:46+05:30,SCOOTER,1,2.594546865298978,16.609755575529064,Watch,Routine tracking
FKN00GL9337,6,3,1,2023-11-15 08:47:46+05:30,2024-02-01 08:07:46+05:30,MOTOR CYCLE,1,2.594546865298978,16.609755575529064,Watch,Routine tracking
FKN00GL0333,12,1,1,2023-11-11 10:38:46+05:30,2023-12-31 07:40:46+05:30,SCOOTER,1,2.5649493574615367,15.997380028490364,Watch,Routine tracking
FKN00GL113054,12,1,1,2023-11-15 05:53:46+05:30,2023-11-22 11:52:46+05:30,MOTOR CYCLE,1,2.5649493574615367,15.997380028490364,Watch,Routine tracking
FKN00GL1175,12,1,1,2023-11-11 02:32:46+05:30,2024-01-16 10:05:46+05:30,CAR,1,2.5649493574615367,15.997380028490364,Watch,Routine tracking
FKN00GL19357,12,1,1,2023-11-11 03:17:46+05:30,2024-01-31 02:03:46+05:30,CAR,1,2.5649493574615367,15.997380028490364,Watch,Routine tracking
FKN00GL53263,12,1,1,2023-11-15 00:57:46+05:30,2024-01-21 00:59:46+05:30,CAR,1,2.5649493574615367,15.997380028490364,Watch,Routine tracking
FKN00GL58024,12,1,1,2023-11-15 05:54:46+05:30,2023-12-14 09:45:46+05:30,SCOOTER,1,2.5649493574615367,15.997380028490364,Watch,Routine tracking
FKN00GL6780,12,1,1,2023-12-12 04:57:46+05:30,2024-01-16 05:37:46+05:30,CAR,1,2.5649493574615367,15.997380028490364,Watch,Routine tracking
FKN00GL94778,12,1,1,2023-11-17 05:19:46+05:30,2023-12-25 08:36:46+05:30,SCOOTER,1,2.5649493574615367,15.997380028490364,Watch,Routine tracking
FKN00GL125192,8,2,1,2023-11-15 02:48:46+05:30,2024-01-03 04:36:46+05:30,SCOOTER,1,2.563428673497889,15.965916917500536,Watch,Routine tracking
FKN00GL14388,8,2,1,2023-11-23 05:17:46+05:30,2024-03-16 11:09:46+05:30,SCOOTER,1,2.563428673497889,15.965916917500536,Watch,Routine tracking
FKN00GL4464,8,2,1,2023-11-11 02:22:46+05:30,2024-03-15 01:38:46+05:30,CAR,1,2.563428673497889,15.965916917500536,Watch,Routine tracking
FKN00GL11015,11,1,1,2023-11-17 07:22:46+05:30,2024-01-27 02:33:46+05:30,SCOOTER,1,2.4849066497880004,14.341287996443178,Watch,Routine tracking
FKN00GL113789,11,1,1,2023-11-11 11:50:46+05:30,2024-01-14 11:04:46+05:30,MOTOR CYCLE,1,2.4849066497880004,14.341287996443178,Watch,Routine tracking
FKN00GL122435,11,1,1,2023-11-11 11:49:46+05:30,2024-01-01 08:32:46+05:30,SCOOTER,1,2.4849066497880004,14.341287996443178,Watch,Routine tracking
FKN00GL123587,11,1,1,2023-11-11 08:40:46+05:30,2024-01-01 08:29:46+05:30,SCOOTER,1,2.4849066497880004,14.341287996443178,Watch,Routine tracking
FKN00GL2317,11,1,1,2023-11-13 02:50:46+05:30,2024-01-17 08:20:46+05:30,CAR,1,2.4849066497880004,14.341287996443178,Watch,Routine tracking
FKN00GL27365,11,1,1,2023-11-10 08:34:46+05:30,2024-01-02 10:56:46+05:30,CAR,1,2.4849066497880004,14.341287996443178,Watch,Routine tracking
FKN00GL8564,11,1,1,2023-11-16 11:16:46+05:30,2024-01-25 10:55:46+05:30,SCOOTER,1,2.4849066497880004,14.341287996443178,Watch,Routine tracking
FKN00GL11120,6,1,2,2023-12-09 07:25:46+05:30,2024-01-26 11:49:46+05:30,SCOOTER,1,2.432387686197522,13.254665121461112,Watch,Routine tracking
FKN00GL113147,6,1,2,2023-11-15 10:23:46+05:30,2024-01-14 11:39:46+05:30,SCOOTER,1,2.432387686197522,13.254665121461112,Watch,Routine tracking
FKN00GL11456,6,1,2,2023-11-16 05:22:46+05:30,2024-01-25 10:32:46+05:30,SCOOTER,1,2.432387686197522,13.254665121461112,Watch,Routine tracking
FKN00GL122726,6,1,2,2023-11-14 03:50:46+05:30,2023-12-10 03:08:46+05:30,GOODS AUTO,1,2.432387686197522,13.254665121461112,Watch,Routine tracking
FKN00GL124679,6,1,2,2023-11-13 02:30:46+05:30,2024-01-27 01:10:46+05:30,LGV,1,2.432387686197522,13.254665121461112,Watch,Routine tracking
FKN00GL13448,6,1,2,2023-11-21 23:54:46+05:30,2024-01-25 01:25:46+05:30,LGV,1,2.432387686197522,13.254665121461112,Watch,Routine tracking
FKN00GL19244,6,1,2,2023-11-29 02:32:46+05:30,2024-01-31 03:15:46+05:30,CAR,1,2.432387686197522,13.254665121461112,Watch,Routine tracking
FKN00GL22258,6,1,2,2023-11-19 10:21:46+05:30,2024-01-27 10:25:46+05:30,PASSENGER AUTO,1,2.432387686197522,13.254665121461112,Watch,Routine tracking
FKN00GL25402,6,1,2,2023-11-16 11:27:46+05:30,2024-01-20 12:24:46+05:30,PASSENGER AUTO,1,2.432387686197522,13.254665121461112,Watch,Routine tracking
FKN00GL28770,6,1,2,2023-11-15 06:38:46+05:30,2023-12-21 06:40:46+05:30,TANKER,1,2.432387686197522,13.254665121461112,Watch,Routine tracking
FKN00GL3743,6,1,2,2023-12-19 12:18:46+05:30,2024-02-01 11:09:46+05:30,PASSENGER AUTO,1,2.432387686197522,13.254665121461112,Watch,Routine tracking
FKN00GL41891,6,1,2,2023-11-14 06:26:46+05:30,2023-12-02 10:30:46+05:30,SCOOTER,1,2.432387686197522,13.254665121461112,Watch,Routine tracking
FKN00GL62335,6,1,2,2023-11-22 10:45:46+05:30,2024-01-31 04:20:46+05:30,SCOOTER,1,2.432387686197522,13.254665121461112,Watch,Routine tracking
FKN00GL63132,6,1,2,2023-11-15 06:14:46+05:30,2024-01-15 08:18:46+05:30,SCOOTER,1,2.432387686197522,13.254665121461112,Watch,Routine tracking
FKN00GL77404,6,1,2,2023-11-23 10:54:46+05:30,2024-01-31 04:12:46+05:30,SCOOTER,1,2.432387686197522,13.254665121461112,Watch,Routine tracking
FKN00GL9197,6,1,2,2023-11-13 10:40:46+05:30,2024-02-01 10:35:46+05:30,MOTOR CYCLE,1,2.432387686197522,13.254665121461112,Watch,Routine tracking
FKN00GL9852,6,1,2,2023-11-11 13:53:46+05:30,2024-01-27 14:24:46+05:30,PASSENGER AUTO,1,2.432387686197522,13.254665121461112,Watch,Routine tracking
FKN00GL0907,7,2,1,2024-01-10 06:07:46+05:30,2024-03-16 03:33:46+05:30,MOTOR CYCLE,1,2.426015131902046,13.122816303507957,Watch,Routine tracking
FKN00GL102126,7,2,1,2023-11-11 11:44:46+05:30,2024-01-01 11:55:46+05:30,SCOOTER,1,2.426015131902046,13.122816303507957,Watch,Routine tracking
FKN00GL104843,7,2,1,2023-11-18 02:39:46+05:30,2024-01-06 04:51:46+05:30,SCOOTER,1,2.426015131902046,13.122816303507957,Watch,Routine tracking
FKN00GL114154,7,2,1,2023-11-16 05:12:46+05:30,2024-01-04 07:42:46+05:30,MOTOR CYCLE,1,2.426015131902046,13.122816303507957,Watch,Routine tracking
FKN00GL17841,7,2,1,2023-12-16 04:46:46+05:30,2024-01-18 09:39:46+05:30,SCOOTER,1,2.426015131902046,13.122816303507957,Watch,Routine tracking
FKN00GL17853,7,2,1,2023-11-21 08:58:46+05:30,2024-01-19 05:09:46+05:30,MOTOR CYCLE,1,2.426015131902046,13.122816303507957,Watch,Routine tracking
FKN00GL1960,7,2,1,2023-11-12 07:50:46+05:30,2024-03-15 11:12:46+05:30,MOTOR CYCLE,1,2.426015131902046,13.122816303507957,Watch,Routine tracking
FKN00GL2353,7,2,1,2023-11-18 02:03:46+05:30,2024-03-16 01:31:46+05:30,CAR,1,2.426015131902046,13.122816303507957,Watch,Routine tracking
FKN00GL2692,7,2,1,2023-11-23 06:53:46+05:30,2024-03-12 08:32:46+05:30,SCOOTER,1,2.426015131902046,13.122816303507957,Watch,Routine tracking
FKN00GL34270,7,2,1,2023-11-15 05:53:46+05:30,2024-03-19 05:33:46+05:30,MOPED,1,2.426015131902046,13.122816303507957,Watch,Routine tracking
FKN00GL34407,7,2,1,2023-11-27 09:48:46+05:30,2024-03-12 08:43:46+05:30,SCOOTER,1,2.426015131902046,13.122816303507957,Watch,Routine tracking
FKN00GL36507,7,2,1,2023-11-22 06:08:46+05:30,2024-01-07 08:00:46+05:30,MOTOR CYCLE,1,2.426015131902046,13.122816303507957,Watch,Routine tracking
FKN00GL68024,7,2,1,2023-12-01 03:16:46+05:30,2024-01-24 07:34:46+05:30,JEEP,1,2.426015131902046,13.122816303507957,Watch,Routine tracking
FKN00GL100448,10,1,1,2023-11-22 07:49:46+05:30,2024-01-11 06:30:46+05:30,LGV,1,2.3978952727983707,12.541013464031009,Watch,Routine tracking
FKN00GL11463,10,1,1,2023-12-16 06:30:46+05:30,2024-01-25 10:24:46+05:30,SCOOTER,1,2.3978952727983707,12.541013464031009,Watch,Routine tracking
FKN00GL17172,10,1,1,2023-11-12 08:54:46+05:30,2024-01-13 07:20:46+05:30,MOTOR CYCLE,1,2.3978952727983707,12.541013464031009,Watch,Routine tracking
FKN00GL51416,10,1,1,2023-12-23 05:16:46+05:30,2024-01-27 10:13:46+05:30,CAR,1,2.3978952727983707,12.541013464031009,Watch,Routine tracking
FKN00GL56080,10,1,1,2023-11-23 07:04:46+05:30,2024-01-28 04:50:46+05:30,SCOOTER,1,2.3978952727983707,12.541013464031009,Watch,Routine tracking
FKN00GL60902,10,1,1,2023-11-15 10:15:46+05:30,2024-01-21 08:10:46+05:30,SCOOTER,1,2.3978952727983707,12.541013464031009,Watch,Routine tracking
FKN00GL0962,5,3,1,2023-11-21 09:14:46+05:30,2024-03-15 05:34:46+05:30,MOTOR CYCLE,1,2.3890126255378643,12.357230558889809,Watch,Routine tracking
FKN00GL1006,5,3,1,2024-01-17 06:21:46+05:30,2024-03-15 05:33:46+05:30,MOTOR CYCLE,1,2.3890126255378643,12.357230558889809,Watch,Routine tracking
FKN00GL1032,5,3,1,2023-12-16 05:58:46+05:30,2024-03-16 03:33:46+05:30,SCOOTER,1,2.3890126255378643,12.357230558889809,Watch,Routine tracking
FKN00GL104061,5,3,1,2023-11-15 07:47:46+05:30,2024-01-30 04:39:46+05:30,MOTOR CYCLE,1,2.3890126255378643,12.357230558889809,Watch,Routine tracking
FKN00GL104909,5,3,1,2023-12-13 07:45:46+05:30,2024-01-21 05:53:46+05:30,MOTOR CYCLE,1,2.3890126255378643,12.357230558889809,Watch,Routine tracking
FKN00GL110390,5,3,1,2023-11-21 09:13:46+05:30,2024-01-02 10:52:46+05:30,MOTOR CYCLE,1,2.3890126255378643,12.357230558889809,Watch,Routine tracking
FKN00GL1111,5,3,1,2023-11-29 02:39:46+05:30,2024-03-16 03:33:46+05:30,CAR,1,2.3890126255378643,12.357230558889809,Watch,Routine tracking
FKN00GL111255,5,3,1,2023-11-11 10:39:46+05:30,2023-12-28 11:01:46+05:30,CAR,1,2.3890126255378643,12.357230558889809,Watch,Routine tracking
FKN00GL112755,5,3,1,2023-11-14 10:17:46+05:30,2023-12-30 07:53:46+05:30,MOTOR CYCLE,1,2.3890126255378643,12.357230558889809,Watch,Routine tracking
FKN00GL117528,5,3,1,2023-11-21 09:33:46+05:30,2024-03-12 04:19:46+05:30,MOTOR CYCLE,1,2.3890126255378643,12.357230558889809,Watch,Routine tracking
FKN00GL13423,5,3,1,2024-01-02 04:17:46+05:30,2024-01-30 08:16:46+05:30,SCOOTER,1,2.3890126255378643,12.357230558889809,Watch,Routine tracking
FKN00GL13976,5,3,1,2023-11-16 05:45:46+05:30,2024-01-24 11:08:46+05:30,MOTOR CYCLE,1,2.3890126255378643,12.357230558889809,Watch,Routine tracking
FKN00GL153350,5,3,1,2023-11-25 03:43:46+05:30,2024-01-30 04:40:46+05:30,MOTOR CYCLE,1,2.3890126255378643,12.357230558889809,Watch,Routine tracking
FKN00GL16534,5,3,1,2023-12-22 06:44:46+05:30,2024-03-15 04:50:46+05:30,SCOOTER,1,2.3890126255378643,12.357230558889809,Watch,Routine tracking
FKN00GL17286,5,3,1,2023-12-22 01:56:46+05:30,2024-02-01 04:29:46+05:30,SCOOTER,1,2.3890126255378643,12.357230558889809,Watch,Routine tracking
FKN00GL18036,5,3,1,2023-11-15 09:15:46+05:30,2024-01-18 03:11:46+05:30,SCOOTER,1,2.3890126255378643,12.357230558889809,Watch,Routine tracking
FKN00GL191071,5,3,1,2023-12-26 08:48:46+05:30,2024-01-20 10:18:46+05:30,MOTOR CYCLE,1,2.3890126255378643,12.357230558889809,Watch,Routine tracking
FKN00GL2652,5,3,1,2023-11-15 07:51:46+05:30,2024-03-16 03:33:46+05:30,SCOOTER,1,2.3890126255378643,12.357230558889809,Watch,Routine tracking
FKN00GL3212,5,3,1,2023-12-22 03:23:46+05:30,2024-03-13 05:03:46+05:30,SCOOTER,1,2.3890126255378643,12.357230558889809,Watch,Routine tracking
FKN00GL3311,5,3,1,2023-12-03 10:21:46+05:30,2024-03-14 10:55:46+05:30,MOTOR CYCLE,1,2.3890126255378643,12.357230558889809,Watch,Routine tracking
FKN00GL3695,5,3,1,2024-01-11 09:00:46+05:30,2024-03-12 08:42:46+05:30,SCOOTER,1,2.3890126255378643,12.357230558889809,Watch,Routine tracking
FKN00GL4966,5,3,1,2023-11-16 04:38:46+05:30,2024-01-19 04:34:46+05:30,SCOOTER,1,2.3890126255378643,12.357230558889809,Watch,Routine tracking
FKN00GL6539,5,3,1,2023-11-11 10:02:46+05:30,2024-01-30 10:37:46+05:30,SCOOTER,1,2.3890126255378643,12.357230558889809,Watch,Routine tracking
FKN00GL66345,5,3,1,2023-11-15 05:49:46+05:30,2024-01-18 04:06:46+05:30,SCOOTER,1,2.3890126255378643,12.357230558889809,Watch,Routine tracking
FKN00GL7346,5,3,1,2023-11-18 04:28:46+05:30,2024-01-18 03:05:46+05:30,SCOOTER,1,2.3890126255378643,12.357230558889809,Watch,Routine tracking
FKN00GL76627,5,3,1,2023-11-22 06:18:46+05:30,2024-01-30 04:38:46+05:30,SCOOTER,1,2.3890126255378643,12.357230558889809,Watch,Routine tracking
FKN00GL96635,5,3,1,2023-12-15 02:37:46+05:30,2024-02-01 04:29:46+05:30,SCOOTER,1,2.3890126255378643,12.357230558889809,Watch,Routine tracking
FKN00GL9996,5,3,1,2023-11-21 06:47:46+05:30,2024-01-30 04:06:46+05:30,SCOOTER,1,2.3890126255378643,12.357230558889809,Watch,Routine tracking
FKN00GL0085,9,1,1,2023-11-11 11:41:46+05:30,2024-01-22 07:25:46+05:30,SCOOTER,1,2.302585092994046,10.569035829407431,Watch,Routine tracking
FKN00GL0744,9,1,1,2023-11-15 06:27:46+05:30,2024-01-12 11:52:46+05:30,SCOOTER,1,2.302585092994046,10.569035829407431,Watch,Routine tracking
FKN00GL111835,9,1,1,2023-11-13 07:06:46+05:30,2024-01-14 11:20:46+05:30,SCOOTER,1,2.302585092994046,10.569035829407431,Watch,Routine tracking
FKN00GL11577,9,1,1,2023-11-12 09:31:46+05:30,2024-01-25 06:51:46+05:30,SCOOTER,1,2.302585092994046,10.569035829407431,Watch,Routine tracking
FKN00GL122867,9,1,1,2023-11-12 08:42:46+05:30,2024-01-01 08:41:46+05:30,SCOOTER,1,2.302585092994046,10.569035829407431,Watch,Routine tracking
FKN00GL138267,9,1,1,2023-11-15 05:53:46+05:30,2023-12-12 06:03:46+05:30,SCOOTER,1,2.302585092994046,10.569035829407431,Watch,Routine tracking
FKN00GL13920,9,1,1,2023-11-11 14:49:46+05:30,2024-01-29 12:27:46+05:30,SCOOTER,1,2.302585092994046,10.569035829407431,Watch,Routine tracking
FKN00GL15995,9,1,1,2023-11-26 09:02:46+05:30,2024-01-22 10:12:46+05:30,MOTOR CYCLE,1,2.302585092994046,10.569035829407431,Watch,Routine tracking
FKN00GL17285,9,1,1,2024-01-05 05:28:46+05:30,2024-01-19 03:54:46+05:30,SCOOTER,1,2.302585092994046,10.569035829407431,Watch,Routine tracking
FKN00GL32527,9,1,1,2023-11-12 09:18:46+05:30,2024-01-14 09:55:46+05:30,MOTOR CYCLE,1,2.302585092994046,10.569035829407431,Watch,Routine tracking
FKN00GL32651,9,1,1,2023-11-12 08:28:46+05:30,2023-12-21 08:22:46+05:30,SCOOTER,1,2.302585092994046,10.569035829407431,Watch,Routine tracking
FKN00GL4107,9,1,1,2023-11-28 10:13:46+05:30,2024-02-01 11:37:46+05:30,CAR,1,2.302585092994046,10.569035829407431,Watch,Routine tracking
FKN00GL6108,9,1,1,2023-11-14 05:45:46+05:30,2024-01-31 06:16:46+05:30,SCOOTER,1,2.302585092994046,10.569035829407431,Watch,Routine tracking
FKN00GL6306,9,1,1,2023-11-11 10:41:46+05:30,2023-12-19 07:58:46+05:30,SCOOTER,1,2.302585092994046,10.569035829407431,Watch,Routine tracking
FKN00GL89378,9,1,1,2023-11-12 08:27:46+05:30,2024-01-02 10:27:46+05:30,MOTOR CYCLE,1,2.302585092994046,10.569035829407431,Watch,Routine tracking
FKN00GL0373,6,2,1,2024-01-02 04:16:46+05:30,2024-03-15 05:35:46+05:30,MOTOR CYCLE,1,2.270228507177146,9.899574669070706,Watch,Routine tracking
FKN00GL0406,6,2,1,2023-11-30 06:22:46+05:30,2024-01-31 08:56:46+05:30,SCOOTER,1,2.270228507177146,9.899574669070706,Watch,Routine tracking
FKN00GL101844,6,2,1,2023-11-15 08:56:46+05:30,2023-12-12 06:27:46+05:30,MOTOR CYCLE,1,2.270228507177146,9.899574669070706,Watch,Routine tracking
FKN00GL107929,6,2,1,2023-12-02 11:35:46+05:30,2024-03-11 09:33:46+05:30,MOTOR CYCLE,1,2.270228507177146,9.899574669070706,Watch,Routine tracking
FKN00GL125181,6,2,1,2023-11-25 03:09:46+05:30,2023-12-30 08:29:46+05:30,SCOOTER,1,2.270228507177146,9.899574669070706,Watch,Routine tracking
FKN00GL13688,6,2,1,2023-11-12 05:59:46+05:30,2024-03-13 08:13:46+05:30,SCOOTER,1,2.270228507177146,9.899574669070706,Watch,Routine tracking
FKN00GL17371,6,2,1,2023-12-21 09:22:46+05:30,2024-01-19 03:50:46+05:30,SCOOTER,1,2.270228507177146,9.899574669070706,Watch,Routine tracking
FKN00GL18463,6,2,1,2023-12-09 06:26:46+05:30,2024-01-18 03:01:46+05:30,SCOOTER,1,2.270228507177146,9.899574669070706,Watch,Routine tracking
FKN00GL19391,6,2,1,2024-01-22 05:04:46+05:30,2024-03-13 08:24:46+05:30,SCOOTER,1,2.270228507177146,9.899574669070706,Watch,Routine tracking
FKN00GL1956,6,2,1,2023-11-23 09:36:46+05:30,2024-03-19 01:19:46+05:30,SCOOTER,1,2.270228507177146,9.899574669070706,Watch,Routine tracking
FKN00GL20170,6,2,1,2023-12-05 04:06:46+05:30,2023-12-25 06:49:46+05:30,LGV,1,2.270228507177146,9.899574669070706,Watch,Routine tracking
FKN00GL2458,6,2,1,2024-01-02 07:58:46+05:30,2024-03-16 03:03:46+05:30,MOTOR CYCLE,1,2.270228507177146,9.899574669070706,Watch,Routine tracking
FKN00GL27498,6,2,1,2023-11-23 04:30:46+05:30,2024-01-06 06:07:46+05:30,SCOOTER,1,2.270228507177146,9.899574669070706,Watch,Routine tracking
FKN00GL3015,6,2,1,2023-11-17 09:46:46+05:30,2024-01-31 08:19:46+05:30,MOTOR CYCLE,1,2.270228507177146,9.899574669070706,Watch,Routine tracking
FKN00GL3502,6,2,1,2023-11-22 04:52:46+05:30,2023-12-19 08:37:46+05:30,MOTOR CYCLE,1,2.270228507177146,9.899574669070706,Watch,Routine tracking
FKN00GL39902,6,2,1,2023-12-13 07:43:46+05:30,2023-12-29 03:59:46+05:30,MOTOR CYCLE,1,2.270228507177146,9.899574669070706,Watch,Routine tracking
FKN00GL4216,6,2,1,2023-11-22 04:50:46+05:30,2024-01-16 08:42:46+05:30,MOTOR CYCLE,1,2.270228507177146,9.899574669070706,Watch,Routine tracking
FKN00GL4517,6,2,1,2023-11-24 01:33:46+05:30,2024-03-12 01:11:46+05:30,CAR,1,2.270228507177146,9.899574669070706,Watch,Routine tracking
FKN00GL5390,6,2,1,2023-12-30 06:39:46+05:30,2024-02-01 08:38:46+05:30,SCOOTER,1,2.270228507177146,9.899574669070706,Watch,Routine tracking
FKN00GL5704,6,2,1,2023-12-12 05:15:46+05:30,2024-02-01 07:05:46+05:30,SCOOTER,1,2.270228507177146,9.899574669070706,Watch,Routine tracking
FKN00GL5752,6,2,1,2023-11-28 05:55:46+05:30,2024-03-12 08:44:46+05:30,SCOOTER,1,2.270228507177146,9.899574669070706,Watch,Routine tracking
FKN00GL57654,6,2,1,2023-11-17 08:23:46+05:30,2024-03-14 08:35:46+05:30,SCOOTER,1,2.270228507177146,9.899574669070706,Watch,Routine tracking
FKN00GL5846,6,2,1,2023-12-02 06:32:46+05:30,2024-02-01 06:07:46+05:30,SCOOTER,1,2.270228507177146,9.899574669070706,Watch,Routine tracking
FKN00GL8979,6,2,1,2023-11-25 08:45:46+05:30,2024-02-03 11:36:46+05:30,MOTOR CYCLE,1,2.270228507177146,9.899574669070706,Watch,Routine tracking
FKN00GL9417,6,2,1,2023-11-28 06:07:46+05:30,2024-02-01 06:48:46+05:30,SCOOTER,1,2.270228507177146,9.899574669070706,Watch,Routine tracking
FKN00GL0646,5,1,2,2023-11-13 11:02:46+05:30,2023-12-10 11:33:46+05:30,PASSENGER AUTO,1,2.239699336423084,9.267922918395035,Watch,Routine tracking
FKN00GL101785,5,1,2,2023-11-13 08:42:46+05:30,2023-11-20 09:03:46+05:30,CAR,1,2.239699336423084,9.267922918395035,Watch,Routine tracking
FKN00GL108925,5,1,2,2023-11-23 07:56:46+05:30,2023-12-23 04:21:46+05:30,SCOOTER,1,2.239699336423084,9.267922918395035,Watch,Routine tracking
FKN00GL10983,5,1,2,2023-11-17 05:28:46+05:30,2024-01-27 04:33:46+05:30,MOTOR CYCLE,1,2.239699336423084,9.267922918395035,Watch,Routine tracking
FKN00GL111004,5,1,2,2023-11-14 03:48:46+05:30,2023-12-27 11:48:46+05:30,SCOOTER,1,2.239699336423084,9.267922918395035,Watch,Routine tracking
FKN00GL114529,5,1,2,2023-12-06 08:10:46+05:30,2024-01-03 05:35:46+05:30,SCOOTER,1,2.239699336423084,9.267922918395035,Watch,Routine tracking
FKN00GL119097,5,1,2,2023-11-18 08:09:46+05:30,2023-12-29 07:50:46+05:30,SCOOTER,1,2.239699336423084,9.267922918395035,Watch,Routine tracking
FKN00GL121164,5,1,2,2023-11-11 02:20:46+05:30,2023-12-13 07:12:46+05:30,CAR,1,2.239699336423084,9.267922918395035,Watch,Routine tracking
FKN00GL14127,5,1,2,2023-12-05 10:46:46+05:30,2024-01-24 10:15:46+05:30,PASSENGER AUTO,1,2.239699336423084,9.267922918395035,Watch,Routine tracking
FKN00GL141825,5,1,2,2023-12-20 03:13:46+05:30,2024-01-06 03:38:46+05:30,SCOOTER,1,2.239699336423084,9.267922918395035,Watch,Routine tracking
FKN00GL14415,5,1,2,2023-12-12 01:59:46+05:30,2024-01-03 00:59:46+05:30,LGV,1,2.239699336423084,9.267922918395035,Watch,Routine tracking
FKN00GL15100,5,1,2,2023-12-22 06:08:46+05:30,2024-01-27 12:40:46+05:30,SCOOTER,1,2.239699336423084,9.267922918395035,Watch,Routine tracking
FKN00GL16020,5,1,2,2023-12-12 04:47:46+05:30,2024-01-19 02:32:46+05:30,LGV,1,2.239699336423084,9.267922918395035,Watch,Routine tracking
FKN00GL16943,5,1,2,2024-01-11 12:39:46+05:30,2024-01-22 11:35:46+05:30,SCOOTER,1,2.239699336423084,9.267922918395035,Watch,Routine tracking
FKN00GL17413,5,1,2,2024-01-10 05:24:46+05:30,2024-01-17 10:38:46+05:30,CAR,1,2.239699336423084,9.267922918395035,Watch,Routine tracking
FKN00GL17742,5,1,2,2023-11-20 09:08:46+05:30,2024-01-12 10:42:46+05:30,PASSENGER AUTO,1,2.239699336423084,9.267922918395035,Watch,Routine tracking
FKN00GL18967,5,1,2,2023-11-12 01:03:46+05:30,2024-01-10 10:07:46+05:30,PASSENGER AUTO,1,2.239699336423084,9.267922918395035,Watch,Routine tracking
FKN00GL20654,5,1,2,2023-11-16 00:58:46+05:30,2023-11-21 01:12:46+05:30,CAR,1,2.239699336423084,9.267922918395035,Watch,Routine tracking
FKN00GL21328,5,1,2,2023-11-17 11:42:46+05:30,2024-01-30 08:51:46+05:30,SCOOTER,1,2.239699336423084,9.267922918395035,Watch,Routine tracking
FKN00GL24261,5,1,2,2023-11-13 10:33:46+05:30,2024-01-22 10:12:46+05:30,SCOOTER,1,2.239699336423084,9.267922918395035,Watch,Routine tracking
FKN00GL26744,5,1,2,2023-11-15 12:07:46+05:30,2023-12-23 11:58:46+05:30,CAR,1,2.239699336423084,9.267922918395035,Watch,Routine tracking
FKN00GL28774,5,1,2,2023-11-15 06:39:46+05:30,2023-12-21 06:40:46+05:30,TANKER,1,2.239699336423084,9.267922918395035,Watch,Routine tracking
FKN00GL3173,5,1,2,2023-11-28 08:38:46+05:30,2024-01-20 10:00:46+05:30,SCOOTER,1,2.239699336423084,9.267922918395035,Watch,Routine tracking
FKN00GL39674,5,1,2,2023-12-02 05:31:46+05:30,2024-01-10 06:28:46+05:30,SCOOTER,1,2.239699336423084,9.267922918395035,Watch,Routine tracking
FKN00GL47375,5,1,2,2023-11-12 08:53:46+05:30,2023-12-23 08:40:46+05:30,SCOOTER,1,2.239699336423084,9.267922918395035,Watch,Routine tracking
FKN00GL6480,5,1,2,2023-11-15 06:14:46+05:30,2024-01-27 10:01:46+05:30,SCOOTER,1,2.239699336423084,9.267922918395035,Watch,Routine tracking
FKN00GL89229,5,1,2,2023-11-16 07:44:46+05:30,2023-12-30 06:58:46+05:30,CAR,1,2.239699336423084,9.267922918395035,Watch,Routine tracking
FKN00GL98967,5,1,2,2023-11-29 10:46:46+05:30,2024-01-16 06:13:46+05:30,PASSENGER AUTO,1,2.239699336423084,9.267922918395035,Watch,Routine tracking
FKN00GL111116,8,1,1,2023-11-17 09:51:46+05:30,2023-12-21 09:36:46+05:30,SCOOTER,1,2.1972245773362196,8.389115689961704,Watch,Routine tracking
FKN00GL111770,8,1,1,2023-11-15 09:24:46+05:30,2023-12-14 11:09:46+05:30,SCOOTER,1,2.1972245773362196,8.389115689961704,Watch,Routine tracking
FKN00GL118484,8,1,1,2023-11-14 08:29:46+05:30,2023-11-23 08:09:46+05:30,SCOOTER,1,2.1972245773362196,8.389115689961704,Watch,Routine tracking
FKN00GL122701,8,1,1,2023-11-11 10:05:46+05:30,2023-11-27 11:43:46+05:30,CAR,1,2.1972245773362196,8.389115689961704,Watch,Routine tracking
FKN00GL123430,8,1,1,2023-11-12 08:22:46+05:30,2023-11-21 09:19:46+05:30,SCOOTER,1,2.1972245773362196,8.389115689961704,Watch,Routine tracking
FKN00GL12732,8,1,1,2023-11-12 10:26:46+05:30,2024-01-22 11:05:46+05:30,PASSENGER AUTO,1,2.1972245773362196,8.389115689961704,Watch,Routine tracking
FKN00GL14734,8,1,1,2023-11-17 11:23:46+05:30,2024-01-05 07:57:46+05:30,SCOOTER,1,2.1972245773362196,8.389115689961704,Watch,Routine tracking
FKN00GL149662,8,1,1,2023-11-29 10:45:46+05:30,2023-12-28 11:35:46+05:30,SCOOTER,1,2.1972245773362196,8.389115689961704,Watch,Routine tracking
FKN00GL15235,8,1,1,2023-11-11 09:54:46+05:30,2024-01-23 07:18:46+05:30,CAR,1,2.1972245773362196,8.389115689961704,Watch,Routine tracking
FKN00GL15753,8,1,1,2023-11-11 09:42:46+05:30,2024-01-20 09:39:46+05:30,PASSENGER AUTO,1,2.1972245773362196,8.389115689961704,Watch,Routine tracking
FKN00GL1641,8,1,1,2023-12-01 10:57:46+05:30,2024-01-17 03:07:46+05:30,SCOOTER,1,2.1972245773362196,8.389115689961704,Watch,Routine tracking
FKN00GL17669,8,1,1,2023-12-08 09:25:46+05:30,2024-01-22 07:07:46+05:30,SCOOTER,1,2.1972245773362196,8.389115689961704,Watch,Routine tracking
FKN00GL17716,8,1,1,2023-11-11 07:02:46+05:30,2024-01-21 08:04:46+05:30,PASSENGER AUTO,1,2.1972245773362196,8.389115689961704,Watch,Routine tracking
FKN00GL23892,8,1,1,2023-11-17 07:04:46+05:30,2023-12-12 06:09:46+05:30,MOTOR CYCLE,1,2.1972245773362196,8.389115689961704,Watch,Routine tracking
FKN00GL24113,8,1,1,2023-11-28 09:07:46+05:30,2024-01-11 07:12:46+05:30,SCOOTER,1,2.1972245773362196,8.389115689961704,Watch,Routine tracking
FKN00GL2814,8,1,1,2023-11-11 08:42:46+05:30,2024-02-01 08:09:46+05:30,SCOOTER,1,2.1972245773362196,8.389115689961704,Watch,Routine tracking
FKN00GL2817,8,1,1,2023-11-14 08:12:46+05:30,2024-02-01 11:37:46+05:30,MOTOR CYCLE,1,2.1972245773362196,8.389115689961704,Watch,Routine tracking
FKN00GL32683,8,1,1,2023-11-11 08:43:46+05:30,2024-01-14 11:21:46+05:30,SCOOTER,1,2.1972245773362196,8.389115689961704,Watch,Routine tracking
FKN00GL35922,8,1,1,2023-11-17 06:51:46+05:30,2024-01-20 13:47:46+05:30,PASSENGER AUTO,1,2.1972245773362196,8.389115689961704,Watch,Routine tracking
FKN00GL3761,8,1,1,2023-11-11 11:43:46+05:30,2024-02-01 11:31:46+05:30,SCOOTER,1,2.1972245773362196,8.389115689961704,Watch,Routine tracking
FKN00GL45098,8,1,1,2023-11-18 11:03:46+05:30,2024-01-07 10:57:46+05:30,PASSENGER AUTO,1,2.1972245773362196,8.389115689961704,Watch,Routine tracking
FKN00GL49799,8,1,1,2023-11-12 08:22:46+05:30,2024-01-18 13:04:46+05:30,SCOOTER,1,2.1972245773362196,8.389115689961704,Watch,Routine tracking
FKN00GL50347,8,1,1,2023-11-11 05:42:46+05:30,2024-01-25 06:19:46+05:30,SCOOTER,1,2.1972245773362196,8.389115689961704,Watch,Routine tracking
FKN00GL6310,8,1,1,2023-11-15 10:19:46+05:30,2024-01-25 11:13:46+05:30,MOTOR CYCLE,1,2.1972245773362196,8.389115689961704,Watch,Routine tracking
FKN00GL80784,8,1,1,2023-11-17 03:15:46+05:30,2023-12-15 11:56:46+05:30,SCOOTER,1,2.1972245773362196,8.389115689961704,Watch,Routine tracking
FKN00GL90621,8,1,1,2023-11-12 05:48:46+05:30,2024-01-27 05:44:46+05:30,SCOOTER,1,2.1972245773362196,8.389115689961704,Watch,Routine tracking
FKN00GL0053,5,2,1,2023-11-22 06:07:46+05:30,2023-12-17 03:51:46+05:30,SCOOTER,1,2.09038604738296,6.17861527944491,Watch,Routine tracking
FKN00GL0369,5,2,1,2024-01-05 05:28:46+05:30,2024-03-15 05:33:46+05:30,MOTOR CYCLE,1,2.09038604738296,6.17861527944491,Watch,Routine tracking
FKN00GL0794,5,2,1,2023-11-28 09:08:46+05:30,2023-12-13 03:02:46+05:30,CAR,1,2.09038604738296,6.17861527944491,Watch,Routine tracking
FKN00GL103735,5,2,1,2023-12-09 02:46:46+05:30,2023-12-26 03:04:46+05:30,CAR,1,2.09038604738296,6.17861527944491,Watch,Routine tracking
FKN00GL106263,5,2,1,2023-12-02 06:48:46+05:30,2023-12-09 08:35:46+05:30,MOTOR CYCLE,1,2.09038604738296,6.17861527944491,Watch,Routine tracking
FKN00GL111963,5,2,1,2023-11-29 09:26:46+05:30,2023-12-23 04:56:46+05:30,SCOOTER,1,2.09038604738296,6.17861527944491,Watch,Routine tracking
FKN00GL113875,5,2,1,2023-12-02 02:19:46+05:30,2024-01-05 04:40:46+05:30,MOTOR CYCLE,1,2.09038604738296,6.17861527944491,Watch,Routine tracking
FKN00GL114066,5,2,1,2023-12-02 04:41:46+05:30,2023-12-19 07:56:46+05:30,SCOOTER,1,2.09038604738296,6.17861527944491,Watch,Routine tracking
FKN00GL122780,5,2,1,2023-11-18 08:03:46+05:30,2024-01-19 09:57:46+05:30,SCOOTER,1,2.09038604738296,6.17861527944491,Watch,Routine tracking
FKN00GL129258,5,2,1,2023-11-24 05:37:46+05:30,2023-12-13 02:14:46+05:30,PASSENGER AUTO,1,2.09038604738296,6.17861527944491,Watch,Routine tracking
FKN00GL131230,5,2,1,2023-11-23 06:56:46+05:30,2024-03-12 08:57:46+05:30,MOTOR CYCLE,1,2.09038604738296,6.17861527944491,Watch,Routine tracking
FKN00GL137730,5,2,1,2023-12-20 03:13:46+05:30,2024-01-06 01:38:46+05:30,CAR,1,2.09038604738296,6.17861527944491,Watch,Routine tracking
FKN00GL1387,5,2,1,2023-11-30 04:08:46+05:30,2024-03-15 09:42:46+05:30,LGV,1,2.09038604738296,6.17861527944491,Watch,Routine tracking
FKN00GL1523,5,2,1,2023-11-12 11:23:46+05:30,2024-03-15 10:20:46+05:30,PASSENGER AUTO,1,2.09038604738296,6.17861527944491,Watch,Routine tracking
FKN00GL153754,5,2,1,2023-12-16 05:03:46+05:30,2024-01-16 07:40:46+05:30,MOTOR CYCLE,1,2.09038604738296,6.17861527944491,Watch,Routine tracking
FKN00GL15652,5,2,1,2024-01-13 10:21:46+05:30,2024-01-23 01:10:46+05:30,PASSENGER AUTO,1,2.09038604738296,6.17861527944491,Watch,Routine tracking
FKN00GL16472,5,2,1,2023-11-23 06:51:46+05:30,2024-01-31 08:19:46+05:30,MOTOR CYCLE,1,2.09038604738296,6.17861527944491,Watch,Routine tracking
FKN00GL169585,5,2,1,2023-12-27 08:56:46+05:30,2024-01-21 05:53:46+05:30,SCOOTER,1,2.09038604738296,6.17861527944491,Watch,Routine tracking
FKN00GL16967,5,2,1,2023-12-22 06:37:46+05:30,2024-01-13 10:35:46+05:30,CAR,1,2.09038604738296,6.17861527944491,Watch,Routine tracking
FKN00GL17326,5,2,1,2023-11-15 08:20:46+05:30,2024-01-18 03:01:46+05:30,SCOOTER,1,2.09038604738296,6.17861527944491,Watch,Routine tracking
FKN00GL17653,5,2,1,2024-01-12 11:50:46+05:30,2024-03-13 08:47:46+05:30,SCOOTER,1,2.09038604738296,6.17861527944491,Watch,Routine tracking
FKN00GL18074,5,2,1,2024-01-04 06:16:46+05:30,2024-01-19 04:11:46+05:30,SCOOTER,1,2.09038604738296,6.17861527944491,Watch,Routine tracking
FKN00GL18220,5,2,1,2023-11-15 08:23:46+05:30,2024-01-20 08:42:46+05:30,MOTOR CYCLE,1,2.09038604738296,6.17861527944491,Watch,Routine tracking
FKN00GL19672,5,2,1,2023-11-15 09:15:46+05:30,2024-01-16 09:13:46+05:30,SCOOTER,1,2.09038604738296,6.17861527944491,Watch,Routine tracking
FKN00GL21720,5,2,1,2023-11-24 10:03:46+05:30,2024-03-14 10:29:46+05:30,PASSENGER AUTO,1,2.09038604738296,6.17861527944491,Watch,Routine tracking
FKN00GL2461,5,2,1,2024-01-16 07:40:46+05:30,2024-03-16 03:04:46+05:30,MOTOR CYCLE,1,2.09038604738296,6.17861527944491,Watch,Routine tracking
FKN00GL25810,5,2,1,2024-01-16 03:57:46+05:30,2024-01-30 10:15:46+05:30,MOTOR CYCLE,1,2.09038604738296,6.17861527944491,Watch,Routine tracking
FKN00GL26701,5,2,1,2023-12-17 07:14:46+05:30,2024-03-13 08:12:46+05:30,MOTOR CYCLE,1,2.09038604738296,6.17861527944491,Watch,Routine tracking
FKN00GL31179,5,2,1,2023-11-18 13:21:46+05:30,2023-12-19 08:41:46+05:30,SCOOTER,1,2.09038604738296,6.17861527944491,Watch,Routine tracking
FKN00GL3213,5,2,1,2023-12-02 04:14:46+05:30,2024-01-31 08:42:46+05:30,MOTOR CYCLE,1,2.09038604738296,6.17861527944491,Watch,Routine tracking
FKN00GL3288,5,2,1,2023-12-06 08:12:46+05:30,2024-01-30 06:30:46+05:30,MOTOR CYCLE,1,2.09038604738296,6.17861527944491,Watch,Routine tracking
FKN00GL40276,5,2,1,2023-11-15 12:40:46+05:30,2023-12-30 06:32:46+05:30,MOTOR CYCLE,1,2.09038604738296,6.17861527944491,Watch,Routine tracking
FKN00GL42553,5,2,1,2023-12-22 01:54:46+05:30,2023-12-29 01:48:46+05:30,SCOOTER,1,2.09038604738296,6.17861527944491,Watch,Routine tracking
FKN00GL4647,5,2,1,2023-11-17 09:58:46+05:30,2024-02-01 08:38:46+05:30,SCOOTER,1,2.09038604738296,6.17861527944491,Watch,Routine tracking
FKN00GL4939,5,2,1,2023-12-06 08:10:46+05:30,2024-03-12 08:45:46+05:30,SCOOTER,1,2.09038604738296,6.17861527944491,Watch,Routine tracking
FKN00GL50810,5,2,1,2023-12-16 00:44:46+05:30,2024-03-14 01:11:46+05:30,LGV,1,2.09038604738296,6.17861527944491,Watch,Routine tracking
FKN00GL5362,5,2,1,2023-11-18 07:40:46+05:30,2024-02-01 04:45:46+05:30,CAR,1,2.09038604738296,6.17861527944491,Watch,Routine tracking
FKN00GL5477,5,2,1,2023-11-12 00:59:46+05:30,2024-03-16 02:56:46+05:30,PASSENGER AUTO,1,2.09038604738296,6.17861527944491,Watch,Routine tracking
FKN00GL63934,5,2,1,2023-11-22 23:41:46+05:30,2024-03-14 01:12:46+05:30,LGV,1,2.09038604738296,6.17861527944491,Watch,Routine tracking
FKN00GL68649,5,2,1,2023-11-14 10:18:46+05:30,2024-01-19 04:56:46+05:30,SCOOTER,1,2.09038604738296,6.17861527944491,Watch,Routine tracking
FKN00GL68690,5,2,1,2023-11-26 06:46:46+05:30,2024-03-11 09:01:46+05:30,SCOOTER,1,2.09038604738296,6.17861527944491,Watch,Routine tracking
FKN00GL7168,5,2,1,2024-01-16 03:57:46+05:30,2024-01-30 10:15:46+05:30,SCOOTER,1,2.09038604738296,6.17861527944491,Watch,Routine tracking
FKN00GL72851,5,2,1,2023-11-26 10:55:46+05:30,2024-01-18 14:21:46+05:30,SCOOTER,1,2.09038604738296,6.17861527944491,Watch,Routine tracking
FKN00GL73513,5,2,1,2023-11-21 04:09:46+05:30,2023-12-14 02:32:46+05:30,SCOOTER,1,2.09038604738296,6.17861527944491,Watch,Routine tracking
FKN00GL9410,5,2,1,2023-12-13 10:57:46+05:30,2024-02-01 06:54:46+05:30,SCOOTER,1,2.09038604738296,6.17861527944491,Watch,Routine tracking
FKN00GL96078,5,2,1,2023-11-18 02:39:46+05:30,2023-12-22 04:12:46+05:30,SCOOTER,1,2.09038604738296,6.17861527944491,Watch,Routine tracking
FKN00GL9908,5,2,1,2023-11-15 08:57:46+05:30,2024-01-30 06:42:46+05:30,MOTOR CYCLE,1,2.09038604738296,6.17861527944491,Watch,Routine tracking
FKN00GL9948,5,2,1,2023-12-01 06:24:46+05:30,2024-01-30 05:20:46+05:30,SCOOTER,1,2.09038604738296,6.17861527944491,Watch,Routine tracking
FKN00GL0397,7,1,1,2023-11-12 05:48:46+05:30,2024-01-20 04:47:46+05:30,SCOOTER,1,2.0794415416798357,5.952172306481474,Watch,Routine tracking
FKN00GL0712,7,1,1,2023-11-12 09:40:46+05:30,2023-12-31 10:03:46+05:30,SCOOTER,1,2.0794415416798357,5.952172306481474,Watch,Routine tracking
FKN00GL0937,7,1,1,2023-11-12 07:49:46+05:30,2023-11-30 04:32:46+05:30,CAR,1,2.0794415416798357,5.952172306481474,Watch,Routine tracking
FKN00GL10499,7,1,1,2023-11-26 11:20:46+05:30,2024-01-29 04:53:46+05:30,SCOOTER,1,2.0794415416798357,5.952172306481474,Watch,Routine tracking
FKN00GL106168,7,1,1,2023-12-03 09:56:46+05:30,2024-01-16 10:05:46+05:30,CAR,1,2.0794415416798357,5.952172306481474,Watch,Routine tracking
FKN00GL108779,7,1,1,2023-11-14 12:54:46+05:30,2023-11-29 05:49:46+05:30,CAR,1,2.0794415416798357,5.952172306481474,Watch,Routine tracking
FKN00GL112039,7,1,1,2023-11-29 06:43:46+05:30,2024-01-11 04:42:46+05:30,SCOOTER,1,2.0794415416798357,5.952172306481474,Watch,Routine tracking
FKN00GL11800,7,1,1,2023-11-15 10:24:46+05:30,2024-01-31 06:18:46+05:30,MOTOR CYCLE,1,2.0794415416798357,5.952172306481474,Watch,Routine tracking
FKN00GL128580,7,1,1,2023-11-21 08:47:46+05:30,2023-12-12 08:11:46+05:30,SCOOTER,1,2.0794415416798357,5.952172306481474,Watch,Routine tracking
FKN00GL129954,7,1,1,2023-12-15 08:12:46+05:30,2024-01-27 05:36:46+05:30,SCOOTER,1,2.0794415416798357,5.952172306481474,Watch,Routine tracking
FKN00GL16984,7,1,1,2024-01-06 05:52:46+05:30,2024-01-18 03:30:46+05:30,MOTOR CYCLE,1,2.0794415416798357,5.952172306481474,Watch,Routine tracking
FKN00GL17033,7,1,1,2023-11-14 07:53:46+05:30,2024-01-13 08:35:46+05:30,CAR,1,2.0794415416798357,5.952172306481474,Watch,Routine tracking
FKN00GL19350,7,1,1,2023-11-22 01:32:46+05:30,2024-01-05 10:38:46+05:30,LGV,1,2.0794415416798357,5.952172306481474,Watch,Routine tracking
FKN00GL2190,7,1,1,2023-11-12 10:51:46+05:30,2024-01-20 03:55:46+05:30,SCOOTER,1,2.0794415416798357,5.952172306481474,Watch,Routine tracking
FKN00GL2529,7,1,1,2023-11-12 11:09:46+05:30,2023-12-01 11:10:46+05:30,SCOOTER,1,2.0794415416798357,5.952172306481474,Watch,Routine tracking
FKN00GL28769,7,1,1,2023-11-15 06:39:46+05:30,2023-12-21 06:41:46+05:30,TANKER,1,2.0794415416798357,5.952172306481474,Watch,Routine tracking
FKN00GL32518,7,1,1,2023-11-15 10:06:46+05:30,2024-01-14 11:24:46+05:30,SCOOTER,1,2.0794415416798357,5.952172306481474,Watch,Routine tracking
FKN00GL32688,7,1,1,2023-11-12 08:28:46+05:30,2024-01-14 11:00:46+05:30,SCOOTER,1,2.0794415416798357,5.952172306481474,Watch,Routine tracking
FKN00GL37015,7,1,1,2023-11-14 05:59:46+05:30,2023-12-23 04:59:46+05:30,SCOOTER,1,2.0794415416798357,5.952172306481474,Watch,Routine tracking
FKN00GL3978,7,1,1,2023-11-29 11:01:46+05:30,2024-02-01 12:09:46+05:30,PASSENGER AUTO,1,2.0794415416798357,5.952172306481474,Watch,Routine tracking
FKN00GL69641,7,1,1,2023-11-12 09:30:46+05:30,2024-01-18 09:51:46+05:30,SCOOTER,1,2.0794415416798357,5.952172306481474,Watch,Routine tracking
FKN00GL9338,7,1,1,2023-11-12 08:30:46+05:30,2024-02-01 08:07:46+05:30,SCOOTER,1,2.0794415416798357,5.952172306481474,Watch,Routine tracking
FKN00GL0881,6,1,1,2023-11-18 09:18:46+05:30,2023-12-30 05:53:46+05:30,CAR,1,1.9459101490553132,3.189393762612333,Watch,Routine tracking
FKN00GL100140,6,1,1,2024-01-11 04:29:46+05:30,2024-01-17 04:37:46+05:30,CAR,1,1.9459101490553132,3.189393762612333,Watch,Routine tracking
FKN00GL101957,6,1,1,2023-11-12 10:28:46+05:30,2023-11-19 08:56:46+05:30,SCOOTER,1,1.9459101490553132,3.189393762612333,Watch,Routine tracking
FKN00GL10584,6,1,1,2023-11-11 10:41:46+05:30,2024-01-28 10:13:46+05:30,PASSENGER AUTO,1,1.9459101490553132,3.189393762612333,Watch,Routine tracking
FKN00GL10586,6,1,1,2023-12-10 03:08:46+05:30,2024-01-28 10:10:46+05:30,LGV,1,1.9459101490553132,3.189393762612333,Watch,Routine tracking
FKN00GL111139,6,1,1,2023-11-11 10:10:46+05:30,2024-01-04 11:53:46+05:30,SCOOTER,1,1.9459101490553132,3.189393762612333,Watch,Routine tracking
FKN00GL111633,6,1,1,2023-11-14 07:52:46+05:30,2023-12-16 11:00:46+05:30,CAR,1,1.9459101490553132,3.189393762612333,Watch,Routine tracking
FKN00GL112671,6,1,1,2023-11-14 08:23:46+05:30,2023-12-30 09:37:46+05:30,SCOOTER,1,1.9459101490553132,3.189393762612333,Watch,Routine tracking
FKN00GL114033,6,1,1,2023-11-16 07:45:46+05:30,2023-12-30 06:57:46+05:30,CAR,1,1.9459101490553132,3.189393762612333,Watch,Routine tracking
FKN00GL121222,6,1,1,2023-11-11 00:54:46+05:30,2024-01-18 00:41:46+05:30,CAR,1,1.9459101490553132,3.189393762612333,Watch,Routine tracking
FKN00GL123460,6,1,1,2023-11-12 08:54:46+05:30,2024-01-14 11:22:46+05:30,MOTOR CYCLE,1,1.9459101490553132,3.189393762612333,Watch,Routine tracking
FKN00GL125228,6,1,1,2023-11-11 11:58:46+05:30,2024-01-01 08:37:46+05:30,MOTOR CYCLE,1,1.9459101490553132,3.189393762612333,Watch,Routine tracking
FKN00GL126959,6,1,1,2023-11-13 09:00:46+05:30,2023-11-23 09:57:46+05:30,SCOOTER,1,1.9459101490553132,3.189393762612333,Watch,Routine tracking
FKN00GL131318,6,1,1,2023-12-17 12:03:46+05:30,2024-01-15 05:10:46+05:30,SCOOTER,1,1.9459101490553132,3.189393762612333,Watch,Routine tracking
FKN00GL13988,6,1,1,2023-11-25 06:06:46+05:30,2024-01-25 08:49:46+05:30,SCOOTER,1,1.9459101490553132,3.189393762612333,Watch,Routine tracking
FKN00GL140399,6,1,1,2023-12-08 07:48:46+05:30,2024-01-17 09:46:46+05:30,SCOOTER,1,1.9459101490553132,3.189393762612333,Watch,Routine tracking
FKN00GL14373,6,1,1,2024-01-01 09:23:46+05:30,2024-01-24 08:44:46+05:30,SCOOTER,1,1.9459101490553132,3.189393762612333,Watch,Routine tracking
FKN00GL19051,6,1,1,2023-12-01 08:58:46+05:30,2024-01-18 08:25:46+05:30,SCOOTER,1,1.9459101490553132,3.189393762612333,Watch,Routine tracking
FKN00GL19224,6,1,1,2023-12-30 01:09:46+05:30,2024-01-10 02:32:46+05:30,CAR,1,1.9459101490553132,3.189393762612333,Watch,Routine tracking
FKN00GL20071,6,1,1,2023-11-20 07:05:46+05:30,2024-01-25 06:09:46+05:30,SCOOTER,1,1.9459101490553132,3.189393762612333,Watch,Routine tracking
FKN00GL20782,6,1,1,2023-11-29 06:41:46+05:30,2024-01-09 04:03:46+05:30,MOTOR CYCLE,1,1.9459101490553132,3.189393762612333,Watch,Routine tracking
FKN00GL20859,6,1,1,2023-12-19 09:04:46+05:30,2024-01-27 05:15:46+05:30,SCOOTER,1,1.9459101490553132,3.189393762612333,Watch,Routine tracking
FKN00GL21421,6,1,1,2023-11-13 09:19:46+05:30,2024-01-14 10:59:46+05:30,SCOOTER,1,1.9459101490553132,3.189393762612333,Watch,Routine tracking
FKN00GL26355,6,1,1,2023-11-12 08:30:46+05:30,2024-01-14 11:19:46+05:30,SCOOTER,1,1.9459101490553132,3.189393762612333,Watch,Routine tracking
FKN00GL27678,6,1,1,2023-11-28 09:06:46+05:30,2024-01-19 03:59:46+05:30,SCOOTER,1,1.9459101490553132,3.189393762612333,Watch,Routine tracking
FKN00GL30363,6,1,1,2023-11-12 08:27:46+05:30,2024-01-18 10:23:46+05:30,SCOOTER,1,1.9459101490553132,3.189393762612333,Watch,Routine tracking
FKN00GL31873,6,1,1,2023-11-11 03:16:46+05:30,2024-01-18 04:11:46+05:30,SCOOTER,1,1.9459101490553132,3.189393762612333,Watch,Routine tracking
FKN00GL3403,6,1,1,2024-01-16 10:15:46+05:30,2024-02-01 09:39:46+05:30,CAR,1,1.9459101490553132,3.189393762612333,Watch,Routine tracking
FKN00GL38849,6,1,1,2023-11-16 08:43:46+05:30,2024-01-27 05:41:46+05:30,MOTOR CYCLE,1,1.9459101490553132,3.189393762612333,Watch,Routine tracking
FKN00GL40746,6,1,1,2023-11-15 10:16:46+05:30,2024-01-18 13:50:46+05:30,SCOOTER,1,1.9459101490553132,3.189393762612333,Watch,Routine tracking
FKN00GL41989,6,1,1,2023-11-18 09:03:46+05:30,2023-12-27 05:00:46+05:30,SCOOTER,1,1.9459101490553132,3.189393762612333,Watch,Routine tracking
FKN00GL49748,6,1,1,2023-11-19 11:06:46+05:30,2023-12-26 11:06:46+05:30,MOTOR CYCLE,1,1.9459101490553132,3.189393762612333,Watch,Routine tracking
FKN00GL5137,6,1,1,2023-11-22 06:21:46+05:30,2023-12-19 03:21:46+05:30,SCOOTER,1,1.9459101490553132,3.189393762612333,Watch,Routine tracking
FKN00GL52785,6,1,1,2023-11-10 11:02:46+05:30,2023-12-19 07:41:46+05:30,MOTOR CYCLE,1,1.9459101490553132,3.189393762612333,Watch,Routine tracking
FKN00GL73115,6,1,1,2023-11-22 06:12:46+05:30,2023-12-07 08:59:46+05:30,SCOOTER,1,1.9459101490553132,3.189393762612333,Watch,Routine tracking
FKN00GL73563,6,1,1,2023-11-12 09:56:46+05:30,2024-01-22 07:32:46+05:30,SCOOTER,1,1.9459101490553132,3.189393762612333,Watch,Routine tracking
FKN00GL80813,6,1,1,2023-11-29 06:40:46+05:30,2024-01-10 08:59:46+05:30,SCOOTER,1,1.9459101490553132,3.189393762612333,Watch,Routine tracking
FKN00GL8474,6,1,1,2023-11-23 01:40:46+05:30,2024-01-14 02:14:46+05:30,LGV,1,1.9459101490553132,3.189393762612333,Watch,Routine tracking
FKN00GL86389,6,1,1,2023-11-27 09:22:46+05:30,2024-01-22 11:23:46+05:30,CAR,1,1.9459101490553132,3.189393762612333,Watch,Routine tracking
FKN00GL0651,5,1,1,2023-11-12 05:20:46+05:30,2024-01-15 05:27:46+05:30,SCOOTER,1,1.791759469228055,0.0,Watch,Routine tracking
FKN00GL1014,5,1,1,2023-11-18 05:52:46+05:30,2024-01-23 02:45:46+05:30,LGV,1,1.791759469228055,0.0,Watch,Routine tracking
FKN00GL104461,5,1,1,2024-01-02 08:35:46+05:30,2024-01-17 10:07:46+05:30,MOTOR CYCLE,1,1.791759469228055,0.0,Watch,Routine tracking
FKN00GL108789,5,1,1,2023-11-11 08:16:46+05:30,2023-12-07 11:02:46+05:30,PASSENGER AUTO,1,1.791759469228055,0.0,Watch,Routine tracking
FKN00GL1104,5,1,1,2023-11-30 04:16:46+05:30,2024-01-19 02:14:46+05:30,SCOOTER,1,1.791759469228055,0.0,Watch,Routine tracking
FKN00GL110772,5,1,1,2023-11-13 02:29:46+05:30,2024-01-17 01:51:46+05:30,CAR,1,1.791759469228055,0.0,Watch,Routine tracking
FKN00GL110935,5,1,1,2023-11-30 13:27:46+05:30,2024-01-20 03:48:46+05:30,MOTOR CYCLE,1,1.791759469228055,0.0,Watch,Routine tracking
FKN00GL111310,5,1,1,2023-11-11 07:55:46+05:30,2023-12-21 08:02:46+05:30,MOTOR CYCLE,1,1.791759469228055,0.0,Watch,Routine tracking
FKN00GL111604,5,1,1,2023-11-17 10:14:46+05:30,2023-12-22 03:47:46+05:30,SCOOTER,1,1.791759469228055,0.0,Watch,Routine tracking
FKN00GL112043,5,1,1,2023-11-28 05:54:46+05:30,2023-12-20 03:38:46+05:30,SCOOTER,1,1.791759469228055,0.0,Watch,Routine tracking
FKN00GL112073,5,1,1,2023-11-23 04:04:46+05:30,2023-12-30 03:43:46+05:30,SCOOTER,1,1.791759469228055,0.0,Watch,Routine tracking
FKN00GL112607,5,1,1,2023-11-26 08:09:46+05:30,2023-12-03 05:13:46+05:30,CAR,1,1.791759469228055,0.0,Watch,Routine tracking
FKN00GL113012,5,1,1,2023-11-12 08:32:46+05:30,2024-01-19 09:53:46+05:30,JEEP,1,1.791759469228055,0.0,Watch,Routine tracking
FKN00GL113025,5,1,1,2023-11-12 08:29:46+05:30,2024-01-01 08:33:46+05:30,SCOOTER,1,1.791759469228055,0.0,Watch,Routine tracking
FKN00GL113698,5,1,1,2023-11-11 08:40:46+05:30,2023-12-12 05:16:46+05:30,SCOOTER,1,1.791759469228055,0.0,Watch,Routine tracking
FKN00GL11590,5,1,1,2023-11-14 06:07:46+05:30,2024-01-25 06:32:46+05:30,MOTOR CYCLE,1,1.791759469228055,0.0,Watch,Routine tracking
FKN00GL11697,5,1,1,2023-12-30 09:31:46+05:30,2024-02-01 11:31:46+05:30,MOTOR CYCLE,1,1.791759469228055,0.0,Watch,Routine tracking
FKN00GL119894,5,1,1,2023-11-15 10:25:46+05:30,2023-11-18 02:21:46+05:30,CAR,1,1.791759469228055,0.0,Watch,Routine tracking
FKN00GL120195,5,1,1,2023-11-28 11:13:46+05:30,2024-01-04 11:29:46+05:30,SCOOTER,1,1.791759469228055,0.0,Watch,Routine tracking
FKN00GL121900,5,1,1,2023-11-12 05:19:46+05:30,2024-01-17 08:36:46+05:30,MOTOR CYCLE,1,1.791759469228055,0.0,Watch,Routine tracking
FKN00GL124201,5,1,1,2023-11-12 10:00:46+05:30,2024-01-21 12:11:46+05:30,PASSENGER AUTO,1,1.791759469228055,0.0,Watch,Routine tracking
FKN00GL126249,5,1,1,2023-11-12 00:47:46+05:30,2023-12-07 02:12:46+05:30,VAN,1,1.791759469228055,0.0,Watch,Routine tracking
FKN00GL126913,5,1,1,2023-11-14 08:37:46+05:30,2023-12-29 09:09:46+05:30,SCOOTER,1,1.791759469228055,0.0,Watch,Routine tracking
FKN00GL127142,5,1,1,2023-11-14 09:31:46+05:30,2024-01-06 13:07:46+05:30,SCOOTER,1,1.791759469228055,0.0,Watch,Routine tracking
FKN00GL128711,5,1,1,2023-12-03 09:16:46+05:30,2024-01-21 08:32:46+05:30,MOTOR CYCLE,1,1.791759469228055,0.0,Watch,Routine tracking
FKN00GL129217,5,1,1,2023-11-15 10:47:46+05:30,2023-11-23 11:30:46+05:30,SCOOTER,1,1.791759469228055,0.0,Watch,Routine tracking
FKN00GL130164,5,1,1,2023-11-16 01:21:46+05:30,2023-11-18 01:47:46+05:30,CAR,1,1.791759469228055,0.0,Watch,Routine tracking
FKN00GL131506,5,1,1,2023-11-17 05:40:46+05:30,2024-01-14 08:07:46+05:30,SCOOTER,1,1.791759469228055,0.0,Watch,Routine tracking
FKN00GL132057,5,1,1,2023-11-15 05:54:46+05:30,2023-11-26 04:38:46+05:30,MOTOR CYCLE,1,1.791759469228055,0.0,Watch,Routine tracking
FKN00GL132500,5,1,1,2023-11-16 09:03:46+05:30,2024-01-15 05:09:46+05:30,SCOOTER,1,1.791759469228055,0.0,Watch,Routine tracking
FKN00GL13296,5,1,1,2023-12-04 01:42:46+05:30,2024-01-25 00:54:46+05:30,CAR,1,1.791759469228055,0.0,Watch,Routine tracking
FKN00GL136013,5,1,1,2023-11-17 09:39:46+05:30,2023-12-31 05:44:46+05:30,SCOOTER,1,1.791759469228055,0.0,Watch,Routine tracking
FKN00GL13758,5,1,1,2024-01-10 05:21:46+05:30,2024-01-29 08:07:46+05:30,SCOOTER,1,1.791759469228055,0.0,Watch,Routine tracking
FKN00GL141429,5,1,1,2023-12-10 03:07:46+05:30,2024-01-21 11:02:46+05:30,LGV,1,1.791759469228055,0.0,Watch,Routine tracking
FKN00GL146021,5,1,1,2023-12-12 04:52:46+05:30,2024-01-11 04:24:46+05:30,SCOOTER,1,1.791759469228055,0.0,Watch,Routine tracking
FKN00GL147938,5,1,1,2023-11-30 01:27:46+05:30,2023-12-23 05:08:46+05:30,MOTOR CYCLE,1,1.791759469228055,0.0,Watch,Routine tracking
FKN00GL150287,5,1,1,2023-11-23 06:35:46+05:30,2023-12-19 07:57:46+05:30,SCOOTER,1,1.791759469228055,0.0,Watch,Routine tracking
FKN00GL15155,5,1,1,2023-12-13 09:11:46+05:30,2024-01-23 08:21:46+05:30,SCOOTER,1,1.791759469228055,0.0,Watch,Routine tracking
FKN00GL15168,5,1,1,2023-11-28 09:05:46+05:30,2024-01-23 08:08:46+05:30,SCOOTER,1,1.791759469228055,0.0,Watch,Routine tracking
FKN00GL15468,5,1,1,2023-12-07 02:39:46+05:30,2024-01-23 03:52:46+05:30,PASSENGER AUTO,1,1.791759469228055,0.0,Watch,Routine tracking
FKN00GL1578,5,1,1,2023-11-13 09:00:46+05:30,2024-01-24 10:50:46+05:30,SCOOTER,1,1.791759469228055,0.0,Watch,Routine tracking
FKN00GL160383,5,1,1,2023-12-20 02:48:46+05:30,2023-12-30 01:20:46+05:30,SCOOTER,1,1.791759469228055,0.0,Watch,Routine tracking
FKN00GL1648,5,1,1,2023-11-19 11:45:46+05:30,2023-11-25 11:08:46+05:30,SCOOTER,1,1.791759469228055,0.0,Watch,Routine tracking
FKN00GL169580,5,1,1,2023-12-27 04:31:46+05:30,2023-12-31 08:13:46+05:30,MOTOR CYCLE,1,1.791759469228055,0.0,Watch,Routine tracking
FKN00GL169752,5,1,1,2023-12-28 01:15:46+05:30,2023-12-30 08:00:46+05:30,CAR,1,1.791759469228055,0.0,Watch,Routine tracking
FKN00GL17173,5,1,1,2023-11-12 09:38:46+05:30,2024-01-13 07:20:46+05:30,SCOOTER,1,1.791759469228055,0.0,Watch,Routine tracking
FKN00GL17738,5,1,1,2024-01-06 03:54:46+05:30,2024-01-19 05:20:46+05:30,MOTOR CYCLE,1,1.791759469228055,0.0,Watch,Routine tracking
FKN00GL17867,5,1,1,2023-11-22 11:05:46+05:30,2024-01-24 10:28:46+05:30,CAR,1,1.791759469228055,0.0,Watch,Routine tracking
FKN00GL17912,5,1,1,2023-11-25 03:45:46+05:30,2024-01-12 08:47:46+05:30,PASSENGER AUTO,1,1.791759469228055,0.0,Watch,Routine tracking
FKN00GL18073,5,1,1,2023-11-12 11:17:46+05:30,2024-01-12 05:21:46+05:30,LGV,1,1.791759469228055,0.0,Watch,Routine tracking
FKN00GL182262,5,1,1,2024-01-06 07:50:46+05:30,2024-01-07 08:18:46+05:30,CAR,1,1.791759469228055,0.0,Watch,Routine tracking
FKN00GL18466,5,1,1,2023-12-28 08:14:46+05:30,2024-01-16 11:15:46+05:30,PASSENGER AUTO,1,1.791759469228055,0.0,Watch,Routine tracking
FKN00GL18500,5,1,1,2023-11-28 09:05:46+05:30,2024-01-11 07:11:46+05:30,MOTOR CYCLE,1,1.791759469228055,0.0,Watch,Routine tracking
FKN00GL18535,5,1,1,2023-11-23 10:34:46+05:30,2024-01-11 06:29:46+05:30,LGV,1,1.791759469228055,0.0,Watch,Routine tracking
FKN00GL19337,5,1,1,2024-01-04 08:35:46+05:30,2024-01-19 09:56:46+05:30,SCOOTER,1,1.791759469228055,0.0,Watch,Routine tracking
FKN00GL25107,5,1,1,2023-11-25 11:09:46+05:30,2023-11-26 10:42:46+05:30,SCOOTER,1,1.791759469228055,0.0,Watch,Routine tracking
FKN00GL25145,5,1,1,2023-11-13 11:46:46+05:30,2024-01-18 11:08:46+05:30,SCOOTER,1,1.791759469228055,0.0,Watch,Routine tracking
FKN00GL26344,5,1,1,2023-11-12 08:29:46+05:30,2024-01-19 06:43:46+05:30,CAR,1,1.791759469228055,0.0,Watch,Routine tracking
FKN00GL26363,5,1,1,2023-11-15 10:33:46+05:30,2024-01-14 11:39:46+05:30,SCOOTER,1,1.791759469228055,0.0,Watch,Routine tracking
FKN00GL27776,5,1,1,2024-01-07 10:59:46+05:30,2024-01-16 11:27:46+05:30,MOTOR CYCLE,1,1.791759469228055,0.0,Watch,Routine tracking
FKN00GL30527,5,1,1,2023-11-23 04:43:46+05:30,2024-01-18 11:06:46+05:30,SCOOTER,1,1.791759469228055,0.0,Watch,Routine tracking
FKN00GL30830,5,1,1,2023-11-12 08:42:46+05:30,2023-12-21 08:29:46+05:30,MOTOR CYCLE,1,1.791759469228055,0.0,Watch,Routine tracking
FKN00GL31034,5,1,1,2023-11-13 10:36:46+05:30,2023-12-18 09:16:46+05:30,SCOOTER,1,1.791759469228055,0.0,Watch,Routine tracking
FKN00GL32182,5,1,1,2023-11-13 13:40:46+05:30,2024-01-25 14:47:46+05:30,CAR,1,1.791759469228055,0.0,Watch,Routine tracking
FKN00GL32589,5,1,1,2023-11-19 05:51:46+05:30,2023-12-22 02:10:46+05:30,SCOOTER,1,1.791759469228055,0.0,Watch,Routine tracking
FKN00GL33161,5,1,1,2023-11-17 06:06:46+05:30,2023-11-29 09:01:46+05:30,CAR,1,1.791759469228055,0.0,Watch,Routine tracking
FKN00GL3398,5,1,1,2024-01-16 10:16:46+05:30,2024-02-01 09:39:46+05:30,CAR,1,1.791759469228055,0.0,Watch,Routine tracking
FKN00GL3458,5,1,1,2023-11-23 10:24:46+05:30,2024-02-01 10:21:46+05:30,LGV,1,1.791759469228055,0.0,Watch,Routine tracking
FKN00GL3607,5,1,1,2023-11-23 06:42:46+05:30,2024-01-16 10:44:46+05:30,SCOOTER,1,1.791759469228055,0.0,Watch,Routine tracking
FKN00GL36657,5,1,1,2023-11-21 03:20:46+05:30,2023-12-16 03:56:46+05:30,SCOOTER,1,1.791759469228055,0.0,Watch,Routine tracking
FKN00GL38689,5,1,1,2023-12-10 10:48:46+05:30,2024-01-31 07:53:46+05:30,SCOOTER,1,1.791759469228055,0.0,Watch,Routine tracking
FKN00GL4743,5,1,1,2023-11-11 02:40:46+05:30,2024-02-01 05:40:46+05:30,CAR,1,1.791759469228055,0.0,Watch,Routine tracking
FKN00GL48969,5,1,1,2023-12-20 01:16:46+05:30,2024-02-01 01:36:46+05:30,CAR,1,1.791759469228055,0.0,Watch,Routine tracking
FKN00GL49739,5,1,1,2023-11-11 10:41:46+05:30,2023-11-22 11:53:46+05:30,SCOOTER,1,1.791759469228055,0.0,Watch,Routine tracking
FKN00GL52512,5,1,1,2023-11-22 09:50:46+05:30,2024-01-28 08:13:46+05:30,PASSENGER AUTO,1,1.791759469228055,0.0,Watch,Routine tracking
FKN00GL55549,5,1,1,2023-11-19 06:19:46+05:30,2023-12-14 05:49:46+05:30,LGV,1,1.791759469228055,0.0,Watch,Routine tracking
FKN00GL56375,5,1,1,2023-11-14 09:31:46+05:30,2024-01-20 09:59:46+05:30,SCOOTER,1,1.791759469228055,0.0,Watch,Routine tracking
FKN00GL5695,5,1,1,2023-12-18 07:52:46+05:30,2024-01-19 03:58:46+05:30,SCOOTER,1,1.791759469228055,0.0,Watch,Routine tracking
FKN00GL5758,5,1,1,2023-12-01 06:21:46+05:30,2024-01-11 04:42:46+05:30,MOTOR CYCLE,1,1.791759469228055,0.0,Watch,Routine tracking
FKN00GL58073,5,1,1,2023-11-14 07:18:46+05:30,2024-01-14 11:19:46+05:30,SCOOTER,1,1.791759469228055,0.0,Watch,Routine tracking
FKN00GL6006,5,1,1,2023-12-14 09:18:46+05:30,2023-12-27 06:07:46+05:30,SCOOTER,1,1.791759469228055,0.0,Watch,Routine tracking
FKN00GL64064,5,1,1,2023-12-02 05:20:46+05:30,2024-01-31 04:16:46+05:30,SCOOTER,1,1.791759469228055,0.0,Watch,Routine tracking
FKN00GL69386,5,1,1,2023-12-16 04:19:46+05:30,2024-01-05 03:12:46+05:30,SCOOTER,1,1.791759469228055,0.0,Watch,Routine tracking
FKN00GL7249,5,1,1,2023-11-15 05:52:46+05:30,2023-12-19 07:32:46+05:30,CAR,1,1.791759469228055,0.0,Watch,Routine tracking
FKN00GL7299,5,1,1,2023-11-14 09:30:46+05:30,2024-01-27 02:06:46+05:30,LGV,1,1.791759469228055,0.0,Watch,Routine tracking
FKN00GL73560,5,1,1,2023-11-11 06:56:46+05:30,2023-11-29 08:30:46+05:30,SCOOTER,1,1.791759469228055,0.0,Watch,Routine tracking
FKN00GL8261,5,1,1,2023-12-12 06:10:46+05:30,2024-01-04 08:35:46+05:30,SCOOTER,1,1.791759469228055,0.0,Watch,Routine tracking
FKN00GL93455,5,1,1,2023-11-17 10:12:46+05:30,2023-12-29 04:53:46+05:30,MOTOR CYCLE,1,1.791759469228055,0.0,Watch,Routine tracking
